Municipio,UF,NomEmpreendimento,CodCEG,SigTipoGeracao,DscTipoGeracaoExtenso,DscFaseUsina,DatEntradaOperacao,MdaPotenciaOutorgadaKw,MdaPotenciaFiscalizadaKw,DscSubBacia
Delmiro Gouveia,AL,Apolônio Sales (Antiga Moxotó),UHE.PH.AL.001510-5.1,UHE,Usina Hidrelétrica,Operação,1977-04-15,400000.0,400000.0," 49 - Sao Francisco, a jusante do Pajeu"
Delmiro Gouveia,AL,Paulo Afonso I,UHE.PH.BA.002012-5.1,UHE,Usina Hidrelétrica,Operação,1964-12-30,180001.0,180001.0," 49 - Sao Francisco, a jusante do Pajeu"
Delmiro Gouveia,AL,Paulo Afonso II,UHE.PH.BA.027048-2.1,UHE,Usina Hidrelétrica,Operação,1961-10-24,443000.0,443000.0," 49 - Sao Francisco, a jusante do Pajeu"
Delmiro Gouveia,AL,Paulo Afonso III,UHE.PH.BA.027049-0.1,UHE,Usina Hidrelétrica,Operação,1971-10-21,794200.0,794200.0," 49 - Sao Francisco, a jusante do Pajeu"
Delmiro Gouveia,AL,Paulo Afonso IV,UHE.PH.BA.027050-4.1,UHE,Usina Hidrelétrica,Operação,1979-12-01,2462400.0,2462400.0," 49 - Sao Francisco, a jusante do Pajeu"
Maceió,AL,Caeté Cachoeira,CGH.PH.AL.029328-8.1,CGH,Central Geradora Hidrelétrica,Operação,1986-06-01,412.8,412.0, 39 - Litoraneas de Pernambuco e Alagoas
Matriz de Camaragibe,AL,Cachoeira Serra D Água,CGH.PH.AL.028860-8.1,CGH,Central Geradora Hidrelétrica,Operação,1900-01-03,945.0,945.0, 39 - Litoraneas de Pernambuco e Alagoas
Piranhas,AL,Xingó,UHE.PH.SE.027053-9.1,UHE,Usina Hidrelétrica,Operação,1994-12-16,3162000.0,3162000.0," 49 - Sao Francisco, a jusante do Pajeu"
Rio Largo,AL,Gustavo Paiva,CGH.PH.AL.030112-4.1,CGH,Central Geradora Hidrelétrica,Operação,2009-06-22,864.0,864.0, 39 - Paraiba e outros
São José da Laje,AL,Gibóia,CGH.PH.AL.028545-5.1,CGH,Central Geradora Hidrelétrica,Operação,1900-01-03,160.0,160.0, 39 - Litoraneas de Pernambuco e Alagoas
São José da Laje,AL,Laje,CGH.PH.AL.028544-7.1,CGH,Central Geradora Hidrelétrica,Operação,1900-01-03,200.0,200.0, 39 - Litoraneas de Pernambuco e Alagoas
São José da Laje,AL,Oriental,CGH.PH.AL.028557-9.2,CGH,Central Geradora Hidrelétrica,Operação,1947-01-01,1406.7,1406.0, 39 - Paraiba e outros
São Luís do Quitunde,AL,Cachoeira do Feijó,CGH.PH.AL.000476-6.1,CGH,Central Geradora Hidrelétrica,Operação,1900-01-03,472.5,472.0, 39 - Litoraneas de Pernambuco e Alagoas
Presidente Figueiredo,AM,Balbina,UHE.PH.AM.000190-2.1,UHE,Usina Hidrelétrica,Operação,1989-02-20,249750.0,249750.0," 16 - Amazonas, entre os rios Madeira e Trombetas"
Presidente Figueiredo,AM,Pitinga,UHE.PH.AM.028009-7.1,UHE,Usina Hidrelétrica,Operação,1986-01-01,24960.0,24960.0," 16 - Amazonas, entre os rios Madeira e Trombetas"
Ferreira Gomes,AP,Cachoeira Caldeirão,UHE.PH.AP.031186-3.1,UHE,Usina Hidrelétrica,Operação,2016-05-05,219000.0,219000.0, 30 - Oiapoque e outros
Ferreira Gomes,AP,Coaracy Nunes,UHE.PH.AP.000783-8.1,UHE,Usina Hidrelétrica,Operação,1975-12-30,78000.0,78000.0, 30 - Oiapoque e outros
Ferreira Gomes,AP,Ferreira Gomes,UHE.PH.AP.030385-2.1,UHE,Usina Hidrelétrica,Operação,2014-11-04,252000.0,252000.0, 30 - Oiapoque e outros
Laranjal do Jari,AP,Santo Antônio do Jari,UHE.PH.AP.026792-9.1,UHE,Usina Hidrelétrica,Operação,2014-09-17,392950.0,392950.0," 19 - Amazonas, entre o rio Xingu e a foz"
Macapá,AP,Coaracy Nunes,UHE.PH.AP.000783-8.1,UHE,Usina Hidrelétrica,Operação,1975-12-30,78000.0,78000.0, 30 - Oiapoque e outros
Oiapoque,AP,Salto Cafesoca,PCH.PH.AP.002586-0.1,PCH,Pequena Central Hidrelétrica,Construção,1900-01-03,7500.0,0.0, 30 - Oiapoque e outros
Porto Grande,AP,Cachoeira Caldeirão,UHE.PH.AP.031186-3.1,UHE,Usina Hidrelétrica,Operação,2016-05-05,219000.0,219000.0, 30 - Oiapoque e outros
Barreiras,BA,AISA - CABECEIRINHA,CGH.PH.BA.035448-1.1,CGH,Central Geradora Hidrelétrica,Operação,1982-05-16,1440.0,1440.0, 46 - Grande e outros - Sao Francisco
Barreiras,BA,SANTA CRUZ II,CGH.PH.BA.040783-6.1,CGH,Central Geradora Hidrelétrica,Operação,1992-11-18,800.0,800.0, 46 - Grande e outros - Sao Francisco
Cachoeira,BA,Pedra do Cavalo,UHE.PH.BA.028565-0.1,UHE,Usina Hidrelétrica,Operação,2004-12-16,160000.0,160000.0," 51 - Jequirica, Paraguacu e outros"
Correntina,BA,Presidente Goulart,PCH.PH.BA.002146-6.1,PCH,Pequena Central Hidrelétrica,Operação,1963-12-31,8000.0,8000.0, 45 - Corrente e outros - Sao Francisco
Formosa do Rio Preto,BA,Fazenda Cachoeira,CGH.PH.BA.028185-9.1,CGH,Central Geradora Hidrelétrica,Operação,1900-01-03,60.0,60.0, 46 - Grande e outros - Sao Francisco
Glória,BA,Luiz Gonzaga (Itaparica),UHE.PH.PE.001174-6.1,UHE,Usina Hidrelétrica,Operação,1988-01-31,1479600.0,1479600.0," 49 - Sao Francisco, a jusante do Pajeu"
Governador Mangabeira,BA,Pedra do Cavalo,UHE.PH.BA.028565-0.1,UHE,Usina Hidrelétrica,Operação,2004-12-16,160000.0,160000.0," 51 - Jequirica, Paraguacu e outros"
Ibirapitanga,BA,Santa Luzia,CGH.PH.BA.030590-1.1,CGH,Central Geradora Hidrelétrica,Operação,2011-08-23,533.6,533.0, 52 - Contas
Igrapiúna,BA,Juliana I,CGH.PH.BA.029698-8.1,CGH,Central Geradora Hidrelétrica,Operação,2008-05-09,144.0,144.0," 51 - Jequirica, Paraguacu e outros"
Igrapiúna,BA,Juliana II,CGH.PH.BA.029697-0.1,CGH,Central Geradora Hidrelétrica,Operação,2008-05-09,400.0,400.0," 51 - Jequirica, Paraguacu e outros"
Igrapiúna,BA,Vargido,CGH.PH.BA.029699-6.1,CGH,Central Geradora Hidrelétrica,Operação,2008-05-09,300.0,300.0," 51 - Jequirica, Paraguacu e outros"
Itamaraju,BA,Cachoeira da Lixa,PCH.PH.BA.028999-0.1,PCH,Pequena Central Hidrelétrica,Operação,2008-05-24,14800.0,14800.0," 55 - Sao mateus, Itanhem e outros"
Itapebi,BA,Itapebi,UHE.PH.BA.001175-4.1,UHE,Usina Hidrelétrica,Operação,2003-02-18,462011.0,462011.0, 54 - Jequitinhonha
Jaborandi,BA,Dourado,CGH.PH.BA.030578-2.1,CGH,Central Geradora Hidrelétrica,Operação,1900-01-03,980.0,980.0, 45 - Corrente e outros - Sao Francisco
Jaborandi,BA,Girassol,CGH.PH.BA.030426-3.1,CGH,Central Geradora Hidrelétrica,Operação,2010-02-10,1000.0,1000.0, 45 - Corrente e outros - Sao Francisco
Jaborandi,BA,Pratudão,CGH.PH.BA.030579-0.1,CGH,Central Geradora Hidrelétrica,Operação,2000-12-20,1760.0,1760.0, 45 - Corrente e outros - Sao Francisco
Jequié,BA,Pedra,UHE.PH.BA.027052-0.1,UHE,Usina Hidrelétrica,Operação,1978-11-13,20007.0,20007.0, 52 - Contas
Jucuruçu,BA,Cachoeira da Lixa,PCH.PH.BA.028999-0.1,PCH,Pequena Central Hidrelétrica,Operação,2008-05-24,14800.0,14800.0," 55 - Sao mateus, Itanhem e outros"
Jucuruçu,BA,Colino 1,PCH.PH.BA.029004-1.1,PCH,Pequena Central Hidrelétrica,Operação,2008-09-23,11000.0,11000.0," 55 - Sao mateus, Itanhem e outros"
Jucuruçu,BA,Colino 2,PCH.PH.BA.028997-3.1,PCH,Pequena Central Hidrelétrica,Operação,2008-07-17,16000.0,16000.0," 55 - Sao mateus, Itanhem e outros"
Mucuri,BA,Santa Clara,UHE.PH.MG.002699-9.1,UHE,Usina Hidrelétrica,Operação,2002-02-20,60000.0,60000.0," 55 - Sao mateus, Itanhem e outros"
Paulo Afonso,BA,Paulo Afonso I,UHE.PH.BA.002012-5.1,UHE,Usina Hidrelétrica,Operação,1964-12-30,180001.0,180001.0," 49 - Sao Francisco, a jusante do Pajeu"
Paulo Afonso,BA,Paulo Afonso II,UHE.PH.BA.027048-2.1,UHE,Usina Hidrelétrica,Operação,1961-10-24,443000.0,443000.0," 49 - Sao Francisco, a jusante do Pajeu"
Paulo Afonso,BA,Paulo Afonso III,UHE.PH.BA.027049-0.1,UHE,Usina Hidrelétrica,Operação,1971-10-21,794200.0,794200.0," 49 - Sao Francisco, a jusante do Pajeu"
Paulo Afonso,BA,Paulo Afonso IV,UHE.PH.BA.027050-4.1,UHE,Usina Hidrelétrica,Operação,1979-12-01,2462400.0,2462400.0," 49 - Sao Francisco, a jusante do Pajeu"
Piatã,BA,Fazenda Magna Mater,CGH.PH.BA.027739-8.1,CGH,Central Geradora Hidrelétrica,Operação,1900-01-03,7.5,7.0, 52 - Contas
Sobradinho,BA,Sobradinho,UHE.PH.BA.002755-3.1,UHE,Usina Hidrelétrica,Operação,1982-03-03,1050300.0,1050300.0, 47 - Salitre e outros - Sao Francisco
São Desidério,BA,Alto Fêmeas I,UHE.PH.BA.027414-3.1,UHE,Usina Hidrelétrica,Operação,1992-01-01,10650.0,10650.0, 46 - Grande e outros - Sao Francisco
São Desidério,BA,Norfil Agro,CGH.PH.BA.000945-8.1,CGH,Central Geradora Hidrelétrica,Operação,1990-01-01,450.0,450.0, 46 - Grande e outros - Sao Francisco
São Desidério,BA,Rieger Agropecuária,CGH.PH.BA.002271-3.2,CGH,Central Geradora Hidrelétrica,Operação,1987-08-01,3000.0,3000.0, 46 - Grande e outros - Sao Francisco
São Desidério,BA,Santa Luzia,PCH.PH.BA.035105-9.1,PCH,Pequena Central Hidrelétrica,Construção,1900-01-03,17001.0,0.0, 46 - Grande e outros - Sao Francisco
São Desidério,BA,Sítio Grande,PCH.PH.BA.002754-5.1,PCH,Pequena Central Hidrelétrica,Operação,2010-10-23,25000.0,25000.0, 46 - Grande e outros - Sao Francisco
Ubaitaba,BA,Funil,UHE.PH.BA.027046-6.1,UHE,Usina Hidrelétrica,Operação,1970-02-13,30000.0,30000.0, 52 - Contas
Valença,BA,Candengo,PCH.PH.BA.033901-6.1,PCH,Pequena Central Hidrelétrica,Operação,2017-03-10,10980.0,10980.0," 51 - Jequirica, Paraguacu e outros"
Vereda,BA,Colino 1,PCH.PH.BA.029004-1.1,PCH,Pequena Central Hidrelétrica,Operação,2008-09-23,11000.0,11000.0," 55 - Sao mateus, Itanhem e outros"
Vereda,BA,Colino 2,PCH.PH.BA.028997-3.1,PCH,Pequena Central Hidrelétrica,Operação,2008-07-17,16000.0,16000.0," 55 - Sao mateus, Itanhem e outros"
Brasília,DF,Paranoá,UHE.PH.DF.001975-5.3,UHE,Usina Hidrelétrica,Operação,1962-01-01,30000.0,30000.0, 60 - Paranaiba
Alegre,ES,Alegre,PCH.PH.ES.000048-5.1,PCH,Pequena Central Hidrelétrica,Operação,1920-05-20,2056.0,2056.0, 57 - Litoraneas do Espirito Santo
Alegre,ES,Francisco Gross (Antiga Santa Fé),PCH.PH.ES.028380-0.1,PCH,Pequena Central Hidrelétrica,Operação,2009-05-27,29000.0,29000.0, 57 - Litoraneas do Espirito Santo
Alegre,ES,São Simão,PCH.PH.ES.028171-9.1,PCH,Pequena Central Hidrelétrica,Operação,2009-02-17,27000.0,27000.0, 57 - Litoraneas do Espirito Santo
Alfredo Chaves,ES,São Joaquim,PCH.PH.ES.027985-4.1,PCH,Pequena Central Hidrelétrica,Operação,2008-04-17,21000.0,21000.0, 57 - Litoraneas do Espirito Santo
Baixo Guandu,ES,Aimorés,UHE.PH.MG.000042-6.1,UHE,Usina Hidrelétrica,Operação,2005-07-30,330000.0,330000.0, 56 - Doce
Baixo Guandu,ES,Mascarenhas,UHE.PH.ES.001432-0.1,UHE,Usina Hidrelétrica,Operação,1973-09-21,198000.0,198000.0, 56 - Doce
Cachoeiro de Itapemirim,ES,Fruteiras,PCH.PH.ES.000999-7.1,PCH,Pequena Central Hidrelétrica,Operação,1912-05-20,8736.0,8736.0, 57 - Litoraneas do Espirito Santo
Castelo,ES,São João,PCH.PH.ES.026834-8.1,PCH,Pequena Central Hidrelétrica,Operação,2007-04-27,25000.0,25000.0, 57 - Litoraneas do Espirito Santo
Colatina,ES,Cachoeira do Oito,CGH.PH.ES.000491-0.1,CGH,Central Geradora Hidrelétrica,Operação,1953-06-30,240.0,240.0, 56 - Doce
Colatina,ES,Santa Maria,CGH.PH.ES.027182-9.1,CGH,Central Geradora Hidrelétrica,Operação,1946-06-30,240.0,240.0, 56 - Doce
Conceição do Castelo,ES,São João,PCH.PH.ES.026834-8.1,PCH,Pequena Central Hidrelétrica,Operação,2007-04-27,25000.0,25000.0, 57 - Litoraneas do Espirito Santo
Conceição do Castelo,ES,Viçosa (Antiga Bicame),PCH.PH.ES.000261-5.1,PCH,Pequena Central Hidrelétrica,Operação,2001-05-20,4500.0,4500.0, 57 - Litoraneas do Espirito Santo
Domingos Martins,ES,Frei Galvão,CGH.PH.ES.075557-5.1,CGH,Central Geradora Hidrelétrica,Construção não iniciada,1900-01-03,5000.0,0.0,
Domingos Martins,ES,Jucu,PCH.PH.ES.001272-6.1,PCH,Pequena Central Hidrelétrica,Operação,1909-05-20,4840.0,4840.0, 57 - Litoraneas do Espirito Santo
Domingos Martins,ES,São Pedro,PCH.PH.ES.028986-8.1,PCH,Pequena Central Hidrelétrica,Operação,2009-06-16,30000.0,30000.0, 57 - Litoraneas do Espirito Santo
Dores do Rio Preto,ES,Fumaça IV,PCH.PH.ES.027575-1.1,PCH,Pequena Central Hidrelétrica,Operação,2008-12-30,4500.0,4500.0, 57 - Litoraneas do Espirito Santo
Guaçuí,ES,Rosal,UHE.PH.ES.002553-4.1,UHE,Usina Hidrelétrica,Operação,2000-01-18,55000.0,55000.0, 57 - Litoraneas do Espirito Santo
Itapemirim,ES,Ilha da Luz,PCH.PH.ES.030265-1.1,PCH,Pequena Central Hidrelétrica,Operação,2012-10-23,3800.0,3800.0, 57 - Litoraneas do Espirito Santo
Laranja da Terra,ES,São Luiz,PCH.PH.ES.035297-7.1,PCH,Pequena Central Hidrelétrica,Operação,2021-08-06,10500.0,10500.0, 56 - Doce
Mimoso do Sul,ES,Pedra do Garrafão,PCH.PH.ES.028805-5.1,PCH,Pequena Central Hidrelétrica,Operação,2009-09-18,19000.0,19000.0, 57 - Litoraneas do Espirito Santo
Muniz Freire,ES,Muniz Freire,UHE.PH.ES.001518-0.1,UHE,Usina Hidrelétrica,Operação,1997-01-01,25000.0,25000.0, 57 - Litoraneas do Espirito Santo
Rio Novo do Sul,ES,Santa Luzia,CGH.PH.ES.038158-6.1,CGH,Central Geradora Hidrelétrica,Operação,2021-03-27,1512.0,1512.0, 57 - Litoraneas do Espirito Santo
Santa Leopoldina,ES,Suíça,UHE.PH.ES.002781-2.1,UHE,Usina Hidrelétrica,Operação,1965-01-01,35337.0,35337.0, 57 - Litoraneas do Espirito Santo
Santa Maria de Jetibá,ES,Rio Bonito,PCH.PH.ES.002293-4.2,PCH,Pequena Central Hidrelétrica,Operação,1959-01-01,22500.0,22500.0, 57 - Litoraneas do Espirito Santo
Santa Teresa,ES,Tabocas,CGH.PH.ES.002792-8.1,CGH,Central Geradora Hidrelétrica,Operação,1954-06-30,440.0,440.0, 56 - Doce
Serra,ES,Sítio Barragem,CGH.PH.ES.035438-4.1,CGH,Central Geradora Hidrelétrica,Operação,2015-05-27,7.5,7.0, 57 - Litoraneas do Espirito Santo
São Gabriel da Palha,ES,Cachoeira da Onça,CGH.PH.ES.000428-6.1,CGH,Central Geradora Hidrelétrica,Operação,1972-06-30,900.0,900.0, 56 - Doce
São José do Calçado,ES,Calheiros,PCH.PH.RJ.027672-3.1,PCH,Pequena Central Hidrelétrica,Operação,2008-09-12,19528.0,19528.0, 57 - Litoraneas do Espirito Santo
São José do Calçado,ES,Franca Amaral,PCH.PH.RJ.000992-0.1,PCH,Pequena Central Hidrelétrica,Operação,1961-01-01,4500.0,4500.0, 57 - Litoraneas do Espirito Santo
São José do Calçado,ES,Pirapetinga,PCH.PH.ES.028804-7.1,PCH,Pequena Central Hidrelétrica,Operação,2009-08-14,20000.0,20000.0, 57 - Litoraneas do Espirito Santo
São José do Calçado,ES,Rosal,UHE.PH.ES.002553-4.1,UHE,Usina Hidrelétrica,Operação,2000-01-18,55000.0,55000.0, 57 - Litoraneas do Espirito Santo
Venda Nova do Imigrante,ES,Geração Carnielli,CGH.PH.ES.030326-7.1,CGH,Central Geradora Hidrelétrica,Operação,2003-04-30,32.0,32.0, 57 - Litoraneas do Espirito Santo
Acreúna,GO,Verde 8,PCH.PH.GO.030973-7.1,PCH,Pequena Central Hidrelétrica,Operação,2018-05-31,30000.0,30000.0, 60 - Paranaiba
Aporé,GO,Espora,UHE.PH.GO.000908-3.1,UHE,Usina Hidrelétrica,Operação,2006-09-07,32000.0,32000.0, 60 - Paranaiba
Aporé,GO,Itumirim,UHE.PH.GO.001195-9.1,UHE,Usina Hidrelétrica,Construção não iniciada,1900-01-03,50000.0,0.0, 60 - Paranaiba
Aporé,GO,Planalto,PCH.PH.GO.028737-7.1,PCH,Pequena Central Hidrelétrica,Operação,2009-07-15,17000.0,17000.0, 60 - Paranaiba
Aporé,GO,Pontal do Prata,PCH.PH.GO.029118-8.1,PCH,Pequena Central Hidrelétrica,Operação,2012-04-14,13774.0,13774.0, 60 - Paranaiba
Aporé,GO,Queixada,PCH.PH.GO.030272-4.1,PCH,Pequena Central Hidrelétrica,Operação,2012-09-04,30000.0,30000.0, 60 - Paranaiba
Aporé,GO,Retiro Velho,PCH.PH.GO.028771-7.1,PCH,Pequena Central Hidrelétrica,Operação,2009-06-16,18000.0,18000.0, 60 - Paranaiba
Arenópolis,GO,Mosquitão,PCH.PH.GO.028541-2.1,PCH,Pequena Central Hidrelétrica,Operação,2006-12-27,30000.0,30000.0, 24 - Alto Araguaia e rio Claro
Arenópolis,GO,Rênic,PCH.PH.GO.029663-5.1,PCH,Pequena Central Hidrelétrica,Operação,2016-06-10,16000.0,16000.0, 24 - Alto Araguaia e rio Claro
Arenópolis,GO,Santo Antônio do Caiapó,PCH.PH.GO.029119-6.1,PCH,Pequena Central Hidrelétrica,Operação,2012-12-22,30000.0,30000.0, 24 - Alto Araguaia e rio Claro
Arenópolis,GO,Tamboril,PCH.PH.GO.029648-1.1,PCH,Pequena Central Hidrelétrica,Operação,2015-05-12,29328.0,29328.0, 24 - Alto Araguaia e rio Claro
Buritinópolis,GO,Riachão (Antiga Santa Edwiges I),PCH.PH.GO.028184-0.1,PCH,Pequena Central Hidrelétrica,Operação,2006-11-02,13400.0,13400.0," 21 - Tocantins, entre os rios Preto e Parana"
Buritinópolis,GO,Santa Edwiges II,PCH.PH.GO.028183-2.1,PCH,Pequena Central Hidrelétrica,Operação,2006-01-09,13000.0,13000.0," 21 - Tocantins, entre os rios Preto e Parana"
Buritinópolis,GO,Santa Edwiges III,PCH.PH.GO.028182-4.1,PCH,Pequena Central Hidrelétrica,Operação,2009-01-08,11600.0,11600.0," 21 - Tocantins, entre os rios Preto e Parana"
Cachoeira Alta,GO,Barra dos Coqueiros,UHE.PH.GO.028757-1.1,UHE,Usina Hidrelétrica,Operação,2010-06-19,90000.0,90000.0, 60 - Paranaiba
Cachoeira Dourada,GO,Cachoeira Dourada,UHE.PH.GO.000528-2.1,UHE,Usina Hidrelétrica,Operação,1959-01-01,658000.0,658000.0, 60 - Paranaiba
Caldas Novas,GO,Corumbá I,UHE.PH.GO.000866-4.1,UHE,Usina Hidrelétrica,Operação,1996-10-31,375000.0,375000.0, 60 - Paranaiba
Catalão,GO,Serra do Facão,UHE.PH.GO.028355-0.1,UHE,Usina Hidrelétrica,Operação,2010-07-13,212580.0,212580.0, 60 - Paranaiba
Catalão,GO,São Bento,CGH.PH.GO.028589-7.1,CGH,Central Geradora Hidrelétrica,Operação,1993-09-01,1380.0,1380.0, 60 - Paranaiba
Catalão,GO,Theodomiro Carneiro Santiago ( Antiga Emborcação),UHE.PH.MG.027115-2.1,UHE,Usina Hidrelétrica,Operação,1982-08-02,1192000.0,1192000.0, 60 - Paranaiba
Cavalcante,GO,Cana Brava,UHE.PH.GO.000630-0.1,UHE,Usina Hidrelétrica,Operação,2002-05-22,450000.0,450000.0," 21 - Tocantins, entre os rios Preto e Parana"
Cavalcante,GO,Santa Mônica,PCH.PH.GO.029656-2.1,PCH,Pequena Central Hidrelétrica,Construção não iniciada,1900-01-03,30000.0,0.0," 21 - Tocantins, entre os rios Preto e Parana"
Cavalcante,GO,Serra da Mesa,UHE.PH.GO.002731-6.1,UHE,Usina Hidrelétrica,Operação,1998-04-30,1275000.0,1275000.0, 20 - Alto Tocantins e rio Preto
Caçu,GO,Caçu,UHE.PH.GO.028756-3.1,UHE,Usina Hidrelétrica,Operação,2010-07-24,65000.0,65000.0, 60 - Paranaiba
Caçu,GO,Eng. Érico Bitencourt de Freitas,PCH.PH.GO.037826-7.1,PCH,Pequena Central Hidrelétrica,Construção não iniciada,1900-01-03,30000.0,0.0, 60 - Paranaiba
Caçu,GO,Engenheiro José Luiz Muller de Godoy Pereira (Antiga Foz do Rio Claro),UHE.PH.GO.029455-1.1,UHE,Usina Hidrelétrica,Operação,2010-08-05,68400.0,68400.0, 60 - Paranaiba
Caçu,GO,Salto,UHE.PH.GO.028758-0.1,UHE,Usina Hidrelétrica,Operação,2010-05-25,116000.0,116000.0, 60 - Paranaiba
Caçu,GO,Salto do Rio Verdinho,UHE.PH.GO.028760-1.1,UHE,Usina Hidrelétrica,Operação,2010-07-06,93000.0,93000.0, 60 - Paranaiba
Chapadão do Céu,GO,Eletrocéu Produção e Distribuição de Eletricidade,CGH.PH.GO.029248-6.1,CGH,Central Geradora Hidrelétrica,Operação,2003-01-08,184.0,184.0, 60 - Paranaiba
Chapadão do Céu,GO,Pontal do Prata,PCH.PH.GO.029118-8.1,PCH,Pequena Central Hidrelétrica,Operação,2012-04-14,13774.0,13774.0, 60 - Paranaiba
Corumbaíba,GO,Corumbá I,UHE.PH.GO.000866-4.1,UHE,Usina Hidrelétrica,Operação,1996-10-31,375000.0,375000.0, 60 - Paranaiba
Cristalina,GO,Batalha (Antiga Paulista),UHE.PH.MG.029454-3.1,UHE,Usina Hidrelétrica,Operação,2014-05-17,52500.0,52500.0, 60 - Paranaiba
Cristalina,GO,Gameleira,PCH.PH.GO.035112-1.1,PCH,Pequena Central Hidrelétrica,Operação,2023-08-11,14000.0,14000.0, 60 - Paranaiba
Cristalina,GO,Queimado,UHE.PH.MG.002176-8.1,UHE,Usina Hidrelétrica,Operação,2004-06-16,105000.0,105000.0, 42 - Paracatu e outros - Sao Francisco
Cristalina,GO,Tamboril,PCH.PH.GO.035113-0.1,PCH,Pequena Central Hidrelétrica,Operação,2020-09-12,15800.0,15800.0, 60 - Paranaiba
Davinópolis,GO,Serra do Facão,UHE.PH.GO.028355-0.1,UHE,Usina Hidrelétrica,Operação,2010-07-13,212580.0,212580.0, 60 - Paranaiba
Davinópolis,GO,São Bento,PCH.PH.GO.035499-6.1,PCH,Pequena Central Hidrelétrica,Construção não iniciada,1900-01-03,12000.0,0.0, 60 - Paranaiba
Gameleira de Goiás,GO,Gameleira,CGH.PH.GO.031086-7.1,CGH,Central Geradora Hidrelétrica,Operação,2013-04-01,958.74,958.0, 60 - Paranaiba
Goiandira,GO,Goiandira,PCH.PH.GO.028803-9.1,PCH,Pequena Central Hidrelétrica,Operação,2010-11-11,27000.0,27000.0, 60 - Paranaiba
Goiandira,GO,Nova Aurora,PCH.PH.GO.029066-1.1,PCH,Pequena Central Hidrelétrica,Operação,2011-01-19,21000.0,21000.0, 60 - Paranaiba
Ipameri,GO,Lago Azul,CGH.PH.GO.001298-0.2,CGH,Central Geradora Hidrelétrica,Operação,1988-09-01,3193.6,3193.0, 60 - Paranaiba
Ipameri,GO,Nova Aurora,PCH.PH.GO.029066-1.1,PCH,Pequena Central Hidrelétrica,Operação,2011-01-19,21000.0,21000.0, 60 - Paranaiba
Iporá,GO,Mosquitão,PCH.PH.GO.028541-2.1,PCH,Pequena Central Hidrelétrica,Operação,2006-12-27,30000.0,30000.0, 24 - Alto Araguaia e rio Claro
Itarumã,GO,Estrela,UHE.PH.GO.038340-6.1,UHE,Usina Hidrelétrica,Construção,1900-01-03,48400.0,0.0, 60 - Paranaiba
Itarumã,GO,Queixada,PCH.PH.GO.030272-4.1,PCH,Pequena Central Hidrelétrica,Operação,2012-09-04,30000.0,30000.0, 60 - Paranaiba
Itarumã,GO,Salto,UHE.PH.GO.028758-0.1,UHE,Usina Hidrelétrica,Operação,2010-05-25,116000.0,116000.0, 60 - Paranaiba
Itarumã,GO,Salto do Rio Verdinho,UHE.PH.GO.028760-1.1,UHE,Usina Hidrelétrica,Operação,2010-07-06,93000.0,93000.0, 60 - Paranaiba
Itarumã,GO,Taboca,PCH.PH.GO.037206-4.1,PCH,Pequena Central Hidrelétrica,Construção,1900-01-03,29800.0,0.0, 60 - Paranaiba
Itarumã,GO,Tucano M1,PCH.PH.GO.034866-0.1,PCH,Pequena Central Hidrelétrica,Construção não iniciada,1900-01-03,24000.0,0.0, 60 - Paranaiba
Itumbiara,GO,Cachoeira Dourada,UHE.PH.GO.000528-2.1,UHE,Usina Hidrelétrica,Operação,1959-01-01,658000.0,658000.0, 60 - Paranaiba
Ivolândia,GO,Santo Antônio do Caiapó,PCH.PH.GO.029119-6.1,PCH,Pequena Central Hidrelétrica,Operação,2012-12-22,30000.0,30000.0, 24 - Alto Araguaia e rio Claro
Jataí,GO,Agropecuaria Rio Paraiso,CGH.PH.GO.030129-9.1,CGH,Central Geradora Hidrelétrica,Operação,1978-01-01,234.6,234.0, 60 - Paranaiba
Jataí,GO,Aliança,CGH.PH.GO.029647-3.1,CGH,Central Geradora Hidrelétrica,Operação,2008-12-01,1840.0,1840.0, 60 - Paranaiba
Jataí,GO,Fazenda Velha,PCH.PH.GO.031575-3.1,PCH,Pequena Central Hidrelétrica,Operação,2016-05-11,16500.0,16500.0, 60 - Paranaiba
Jataí,GO,Jataí,PCH.PH.GO.028834-9.1,PCH,Pequena Central Hidrelétrica,Operação,2008-07-30,30000.0,30000.0, 60 - Paranaiba
Jataí,GO,Ponente,CGH.PH.GO.075540-0.1,CGH,Central Geradora Hidrelétrica,Construção não iniciada,1900-01-03,2500.0,0.0,
Jataí,GO,Taboca,PCH.PH.GO.037206-4.1,PCH,Pequena Central Hidrelétrica,Construção,1900-01-03,29800.0,0.0, 60 - Paranaiba
Luziânia,GO,Corumbá III,UHE.PH.GO.028352-5.1,UHE,Usina Hidrelétrica,Operação,2009-10-24,96447.0,96447.0, 60 - Paranaiba
Luziânia,GO,Corumbá IV,UHE.PH.GO.027795-9.1,UHE,Usina Hidrelétrica,Operação,2006-04-01,129200.0,129200.0, 60 - Paranaiba
Luziânia,GO,Gameleira,PCH.PH.GO.035112-1.1,PCH,Pequena Central Hidrelétrica,Operação,2023-08-11,14000.0,14000.0, 60 - Paranaiba
Luziânia,GO,São Bartolomeu,PCH.PH.GO.035111-3.1,PCH,Pequena Central Hidrelétrica,Operação,2023-11-09,12000.0,12000.0, 60 - Paranaiba
Mambaí,GO,Riachão (Antiga Santa Edwiges I),PCH.PH.GO.028184-0.1,PCH,Pequena Central Hidrelétrica,Operação,2006-11-02,13400.0,13400.0," 21 - Tocantins, entre os rios Preto e Parana"
Mambaí,GO,Santa Edwiges II,PCH.PH.GO.028183-2.1,PCH,Pequena Central Hidrelétrica,Operação,2006-01-09,13000.0,13000.0," 21 - Tocantins, entre os rios Preto e Parana"
Minaçu,GO,Cana Brava,UHE.PH.GO.000630-0.1,UHE,Usina Hidrelétrica,Operação,2002-05-22,450000.0,450000.0," 21 - Tocantins, entre os rios Preto e Parana"
Minaçu,GO,Serra da Mesa,UHE.PH.GO.002731-6.1,UHE,Usina Hidrelétrica,Operação,1998-04-30,1275000.0,1275000.0, 20 - Alto Tocantins e rio Preto
Mineiros,GO,Diamantino,CGH.PH.GO.038152-7.1,CGH,Central Geradora Hidrelétrica,Operação,2021-08-25,3000.0,3000.0, 24 - Alto Araguaia e rio Claro
Nova Aurora,GO,Goiandira,PCH.PH.GO.028803-9.1,PCH,Pequena Central Hidrelétrica,Operação,2010-11-11,27000.0,27000.0, 60 - Paranaiba
Nova Aurora,GO,Nova Aurora,PCH.PH.GO.029066-1.1,PCH,Pequena Central Hidrelétrica,Operação,2011-01-19,21000.0,21000.0, 60 - Paranaiba
Palestina de Goiás,GO,Rênic,PCH.PH.GO.029663-5.1,PCH,Pequena Central Hidrelétrica,Operação,2016-06-10,16000.0,16000.0, 24 - Alto Araguaia e rio Claro
Palestina de Goiás,GO,Santo Antônio do Caiapó,PCH.PH.GO.029119-6.1,PCH,Pequena Central Hidrelétrica,Operação,2012-12-22,30000.0,30000.0, 24 - Alto Araguaia e rio Claro
Palestina de Goiás,GO,Tamboril,PCH.PH.GO.029648-1.1,PCH,Pequena Central Hidrelétrica,Operação,2015-05-12,29328.0,29328.0, 24 - Alto Araguaia e rio Claro
Piracanjuba,GO,Rochedo,UHE.PH.GO.002537-2.2,UHE,Usina Hidrelétrica,Operação,1956-01-01,4000.0,4000.0, 60 - Paranaiba
Piranhas,GO,Piranhas,PCH.PH.GO.027533-6.1,PCH,Pequena Central Hidrelétrica,Operação,2006-12-08,18000.0,18000.0, 24 - Alto Araguaia e rio Claro
Planaltina,GO,Muçungo,PCH.PH.GO.028786-5.1,PCH,Pequena Central Hidrelétrica,Construção não iniciada,1900-01-03,9990.0,0.0, 20 - Alto Tocantins e rio Preto
Rianápolis,GO,Cachoeira do Lavrinha (Antiga São Patrício),PCH.PH.GO.026879-8.1,PCH,Pequena Central Hidrelétrica,Operação,2004-04-16,3010.0,3010.0, 20 - Alto Tocantins e rio Preto
Rio Verde,GO,Cachoeira Rio Verde,CGH.PH.GO.037450-4.1,CGH,Central Geradora Hidrelétrica,Operação,1954-05-26,960.0,960.0, 60 - Paranaiba
Rio Verde,GO,Irara,PCH.PH.GO.001147-9.1,PCH,Pequena Central Hidrelétrica,Operação,2008-09-06,30000.0,30000.0, 60 - Paranaiba
Rio Verde,GO,Verde 02 Baixo,PCH.PH.GO.031768-3.1,PCH,Pequena Central Hidrelétrica,Operação,2024-11-26,21595.0,21595.0, 60 - Paranaiba
Rio Verde,GO,Verde 03,PCH.PH.GO.035761-8.1,PCH,Pequena Central Hidrelétrica,Construção não iniciada,1900-01-03,24000.0,0.0, 60 - Paranaiba
Santa Helena de Goiás,GO,Verde 8,PCH.PH.GO.030973-7.1,PCH,Pequena Central Hidrelétrica,Operação,2018-05-31,30000.0,30000.0, 60 - Paranaiba
Santa Helena de Goiás,GO,Ypê,PCH.PH.GO.031327-0.1,PCH,Pequena Central Hidrelétrica,Operação,2017-12-30,30000.0,30000.0, 60 - Paranaiba
Santa Rita do Araguaia,GO,Alto Araguaia,PCH.PH.MT.000066-3.1,PCH,Pequena Central Hidrelétrica,Operação,1968-06-01,800.0,800.0, 24 - Alto Araguaia e rio Claro
Serranópolis,GO,Espora,UHE.PH.GO.000908-3.1,UHE,Usina Hidrelétrica,Operação,2006-09-07,32000.0,32000.0, 60 - Paranaiba
Serranópolis,GO,Estrela,UHE.PH.GO.038340-6.1,UHE,Usina Hidrelétrica,Construção,1900-01-03,48400.0,0.0, 60 - Paranaiba
Serranópolis,GO,Taboca,PCH.PH.GO.037206-4.1,PCH,Pequena Central Hidrelétrica,Construção,1900-01-03,29800.0,0.0, 60 - Paranaiba
São Domingos,GO,Galheiros I,PCH.PH.GO.030312-7.1,PCH,Pequena Central Hidrelétrica,Operação,2012-11-09,12060.0,12060.0," 21 - Tocantins, entre os rios Preto e Parana"
São Domingos,GO,São Domingos,UHE.PH.GO.027665-0.1,UHE,Usina Hidrelétrica,Operação,1990-06-19,12000.0,14336.0," 21 - Tocantins, entre os rios Preto e Parana"
São Domingos,GO,São Domingos II,PCH.PH.GO.028388-6.1,PCH,Pequena Central Hidrelétrica,Operação,2009-05-07,24660.0,24660.0," 21 - Tocantins, entre os rios Preto e Parana"
São Simão,GO,Engenheiro José Luiz Muller de Godoy Pereira (Antiga Foz do Rio Claro),UHE.PH.GO.029455-1.1,UHE,Usina Hidrelétrica,Operação,2010-08-05,68400.0,68400.0, 60 - Paranaiba
São Simão,GO,São Simão,UHE.PH.GO.002704-9.1,UHE,Usina Hidrelétrica,Operação,1978-01-01,1710000.0,1710000.0, 60 - Paranaiba
Sítio d´Abadia,GO,Mambaí II,PCH.PH.GO.028829-2.1,PCH,Pequena Central Hidrelétrica,Operação,2008-11-28,12000.0,12000.0," 21 - Tocantins, entre os rios Preto e Parana"
Turvelândia,GO,Verde 8,PCH.PH.GO.030973-7.1,PCH,Pequena Central Hidrelétrica,Operação,2018-05-31,30000.0,30000.0, 60 - Paranaiba
Água Fria de Goiás,GO,Muçungo,PCH.PH.GO.028786-5.1,PCH,Pequena Central Hidrelétrica,Construção não iniciada,1900-01-03,9990.0,0.0, 20 - Alto Tocantins e rio Preto
Estreito,MA,Estreito,UHE.PH.MA.028863-2.1,UHE,Usina Hidrelétrica,Operação,2011-04-29,1087000.0,1087000.0," 23 - Tocantins, entre os rios do Sono e Araguaia"
São João dos Patos,MA,Boa Esperança (Antiga Castelo Branco),UHE.PH.PI.000267-4.1,UHE,Usina Hidrelétrica,Operação,1970-10-02,237300.0,237300.0, 34 - Parnaiba
Abadia dos Dourados,MG,Dourados,CGH.PH.MG.029271-0.1,CGH,Central Geradora Hidrelétrica,Operação,2005-07-28,990.0,990.0, 60 - Paranaiba
Abre Campo,MG,Túlio Cordeiro de Mello (Antiga Granada),PCH.PH.MG.001047-2.1,PCH,Pequena Central Hidrelétrica,Operação,2003-07-22,15800.0,15800.0, 56 - Doce
Aimorés,MG,Aimorés,UHE.PH.MG.000042-6.1,UHE,Usina Hidrelétrica,Operação,2005-07-30,330000.0,330000.0, 56 - Doce
Aimorés,MG,Mascarenhas,UHE.PH.ES.001432-0.1,UHE,Usina Hidrelétrica,Operação,1973-09-21,198000.0,198000.0, 56 - Doce
Alagoa,MG,Alagoa III,CGH.PH.MG.044305-0.1,CGH,Central Geradora Hidrelétrica,Operação,2024-08-06,1600.0,1600.0, 61 - Grande
Alpercata,MG,Baguari,UHE.PH.MG.029453-5.1,UHE,Usina Hidrelétrica,Operação,2009-09-09,140000.0,140000.0, 56 - Doce
Alvarenga,MG,Henrique Nunes Coutinho (Antiga Cachoeirão),PCH.PH.MG.027940-4.1,PCH,Pequena Central Hidrelétrica,Operação,2008-12-30,27000.0,27000.0, 56 - Doce
Alvinópolis,MG,Funil,CGH.PH.MG.029961-8.1,CGH,Central Geradora Hidrelétrica,Operação,1952-07-01,540.0,540.0, 56 - Doce
Alvinópolis,MG,Paulo Mascarenhas,CGH.PH.MG.002013-3.1,CGH,Central Geradora Hidrelétrica,Operação,1977-06-01,1000.0,1000.0, 56 - Doce
Além Paraíba,MG,Ilha dos Pombos,UHE.PH.RJ.001113-4.1,UHE,Usina Hidrelétrica,Operação,1924-01-01,187169.0,187169.0, 58 - Paraiba do Sul
Além Paraíba,MG,Simplício,UHE.PH.MG.029458-6.1,UHE,Usina Hidrelétrica,Operação,2013-06-05,333700.0,333700.0, 58 - Paraiba do Sul
Antônio Dias,MG,Cocais Grande,PCH.PH.MG.027728-2.1,PCH,Pequena Central Hidrelétrica,Operação,2009-03-05,10000.0,10000.0, 56 - Doce
Antônio Dias,MG,Guilman Amorim,UHE.PH.MG.001079-0.1,UHE,Usina Hidrelétrica,Operação,1997-11-02,140000.0,140000.0, 56 - Doce
Antônio Dias,MG,Sá Carvalho,UHE.PH.MG.002563-1.1,UHE,Usina Hidrelétrica,Operação,1951-01-01,78000.0,78000.0, 56 - Doce
Antônio Prado de Minas,MG,Antônio Prado,CGH.PH.MG.031618-0.1,CGH,Central Geradora Hidrelétrica,Operação,2017-09-01,1000.0,1000.0, 58 - Paraiba do Sul
Araguari,MG,Amador Aguiar I (Antiga Capim Branco I),UHE.PH.MG.027483-6.1,UHE,Usina Hidrelétrica,Operação,2006-02-21,243090.0,243090.0, 60 - Paranaiba
Araguari,MG,Amador Aguiar II (Antiga Capim Branco II),UHE.PH.MG.027484-4.1,UHE,Usina Hidrelétrica,Operação,2007-03-09,211470.0,211470.0, 60 - Paranaiba
Araguari,MG,Pissarrão,CGH.PH.MG.002055-9.1,CGH,Central Geradora Hidrelétrica,Operação,1925-01-01,800.0,800.0, 60 - Paranaiba
Araporã,MG,Itumbiara,UHE.PH.MG.001194-0.1,UHE,Usina Hidrelétrica,Operação,1980-04-24,2082000.0,2082000.0, 60 - Paranaiba
Arceburgo,MG,Dr Tito 1,CGH.PH.MG.029660-0.1,CGH,Central Geradora Hidrelétrica,Operação,2015-04-10,922.0,922.0, 61 - Grande
Arceburgo,MG,Dr.Tito 2,CGH.PH.MG.029661-9.1,CGH,Central Geradora Hidrelétrica,Operação,2015-04-10,500.0,500.0, 61 - Grande
Arceburgo,MG,São Sebastião,CGH.PH.MG.028023-2.1,CGH,Central Geradora Hidrelétrica,Operação,1925-12-31,680.0,680.0, 61 - Grande
Astolfo Dutra,MG,Ivan Botelho III (Antiga Triunfo),PCH.PH.MG.027532-8.1,PCH,Pequena Central Hidrelétrica,Operação,2005-01-26,24400.0,24400.0, 58 - Paraiba do Sul
Astolfo Dutra,MG,Zé Tunin,PCH.PH.MG.030597-9.1,PCH,Pequena Central Hidrelétrica,Operação,2012-12-27,8000.0,8000.0, 58 - Paraiba do Sul
Augusto de Lima,MG,Oswaldo Vicintin,PCH.PH.MG.031039-5.1,PCH,Pequena Central Hidrelétrica,Construção não iniciada,1900-01-03,29250.0,0.0, 41 - Das Velhas - Sao Francisco
Açucena,MG,Barra da Paciência,PCH.PH.MG.027530-1.1,PCH,Pequena Central Hidrelétrica,Operação,2011-03-04,23000.0,23000.0, 56 - Doce
Açucena,MG,Corrente Grande,PCH.PH.MG.027842-4.1,PCH,Pequena Central Hidrelétrica,Operação,2011-02-02,14000.0,14000.0, 56 - Doce
Açucena,MG,Porto Estrela,UHE.PH.MG.027196-9.1,UHE,Usina Hidrelétrica,Operação,2001-09-04,112240.0,112240.0, 56 - Doce
Baependi,MG,Congonhal I,PCH.PH.MG.028036-4.1,PCH,Pequena Central Hidrelétrica,Operação,2001-06-22,1816.0,1816.0, 61 - Grande
Baependi,MG,Congonhal II,CGH.PH.MG.028020-8.1,CGH,Central Geradora Hidrelétrica,Operação,1970-01-01,428.0,428.0, 61 - Grande
Baependi,MG,Pirambeira,CGH.PH.MG.028018-6.1,CGH,Central Geradora Hidrelétrica,Operação,1927-01-01,528.0,528.0, 61 - Grande
Baependi,MG,Ribeirão,CGH.PH.MG.028019-4.1,CGH,Central Geradora Hidrelétrica,Operação,1911-01-01,180.0,180.0, 61 - Grande
Barbacena,MG,Ilhéus,CGH.PH.MG.001122-3.2,CGH,Central Geradora Hidrelétrica,Operação,1916-03-12,2560.0,2560.0, 61 - Grande
Barbacena,MG,Lavras,CGH.PH.MG.028105-0.2,CGH,Central Geradora Hidrelétrica,Operação,1975-03-19,1200.0,1200.0, 61 - Grande
Barroso,MG,Santo Antônio do Rio do Freire,CGH.PH.MG.036936-5.1,CGH,Central Geradora Hidrelétrica,Operação,1952-04-01,1616.0,1616.0, 61 - Grande
Belmiro Braga,MG,Sobragi,UHE.PH.MG.002757-0.1,UHE,Usina Hidrelétrica,Operação,1998-07-01,60000.0,60000.0, 58 - Paraiba do Sul
Belo Horizonte,MG,Caboclo,CGH.PH.MG.000345-0.2,CGH,Central Geradora Hidrelétrica,Operação,1944-12-23,4420.0,4420.0, 56 - Doce
Belo Horizonte,MG,Funil,CGH.PH.MG.027066-0.2,CGH,Central Geradora Hidrelétrica,Operação,1949-12-23,4230.0,4230.0, 56 - Doce
Belo Horizonte,MG,Salto,CGH.PH.MG.027719-3.2,CGH,Central Geradora Hidrelétrica,Operação,1940-12-23,4505.0,4505.0, 56 - Doce
Berilo,MG,Irapé,UHE.PH.MG.001146-0.1,UHE,Usina Hidrelétrica,Operação,2006-07-20,399000.0,399000.0, 54 - Jequitinhonha
Bom Despacho,MG,João de Deus,CGH.PH.MG.001252-1.2,CGH,Central Geradora Hidrelétrica,Operação,1975-12-24,1569.99,1569.0," 40 - Alto Sao Francisco, ate Tres Marias"
Bom Jesus do Galho,MG,BOM JESUS,CGH.PH.MG.032564-3.1,CGH,Central Geradora Hidrelétrica,Operação,2015-03-04,1000.0,1000.0, 56 - Doce
Bom Jesus do Galho,MG,Bom Jesus do Galho,CGH.PH.MG.000284-4.1,CGH,Central Geradora Hidrelétrica,Operação,1931-01-01,358.4,358.0, 56 - Doce
Bom Jesus do Galho,MG,Sumidouro,CGH.PH.MG.002782-0.2,CGH,Central Geradora Hidrelétrica,Operação,1954-02-01,2120.0,2120.0, 56 - Doce
Bom Sucesso,MG,Funil,UHE.PH.MG.001006-5.1,UHE,Usina Hidrelétrica,Operação,2002-12-30,180000.0,180000.0, 61 - Grande
Bonfim,MG,Caquende,CGH.PH.MG.030556-1.2,CGH,Central Geradora Hidrelétrica,Operação,2017-06-14,4000.0,4000.0," 40 - Alto Sao Francisco, ate Tres Marias"
Bonfim,MG,Juliões,CGH.PH.MG.030542-1.2,CGH,Central Geradora Hidrelétrica,Operação,2017-03-23,3400.0,3400.0," 40 - Alto Sao Francisco, ate Tres Marias"
Borda da Mata,MG,Santa Terezinha,CGH.PH.MG.028242-1.1,CGH,Central Geradora Hidrelétrica,Operação,2009-10-09,1000.0,1000.0, 61 - Grande
Braúnas,MG,Porto Estrela,UHE.PH.MG.027196-9.1,UHE,Usina Hidrelétrica,Operação,2001-09-04,112240.0,112240.0, 56 - Doce
Braúnas,MG,Salto Grande,UHE.PH.MG.027210-8.1,UHE,Usina Hidrelétrica,Operação,1956-01-01,102000.0,102000.0, 56 - Doce
Bueno Brandão,MG,Cachoeirinha,CGH.PH.MG.030242-2.1,CGH,Central Geradora Hidrelétrica,Operação,2015-09-01,1250.0,1250.0, 61 - Grande
Bueno Brandão,MG,Limoeiro,CGH.PH.MG.030983-4.1,CGH,Central Geradora Hidrelétrica,Operação,2015-09-05,1250.0,1250.0, 61 - Grande
Buritizeiro,MG,Buriti Queimado,CGH.PH.MG.028881-0.1,CGH,Central Geradora Hidrelétrica,Operação,2003-01-20,7.2,7.0, 42 - Paracatu e outros - Sao Francisco
Buritizeiro,MG,Fazenda Nazaré,CGH.PH.MG.028650-8.1,CGH,Central Geradora Hidrelétrica,Operação,1900-01-03,16.0,16.0, 41 - Das Velhas - Sao Francisco
Buritizeiro,MG,Fazenda Riga,CGH.PH.MG.029029-7.1,CGH,Central Geradora Hidrelétrica,Operação,2003-09-01,10.25,10.0, 41 - Das Velhas - Sao Francisco
Buritizeiro,MG,Fazenda Tabua,CGH.PH.MG.028789-0.1,CGH,Central Geradora Hidrelétrica,Operação,2002-11-11,28.0,28.0, 42 - Paracatu e outros - Sao Francisco
Buritizeiro,MG,Fazenda Água Branca,CGH.PH.MG.031101-4.1,CGH,Central Geradora Hidrelétrica,Operação,2003-01-01,1.03,1.0, 41 - Das Velhas - Sao Francisco
Buritizeiro,MG,Salitre,CGH.PH.MG.028876-4.1,CGH,Central Geradora Hidrelétrica,Operação,1900-01-03,7.2,7.0, 41 - Das Velhas - Sao Francisco
Cabeceira Grande,MG,Mata Velha,PCH.PH.MG.028607-9.1,PCH,Pequena Central Hidrelétrica,Operação,2016-05-07,24000.0,24000.0, 42 - Paracatu e outros - Sao Francisco
Cachoeira da Prata,MG,Cachoeira Velonorte,CGH.PH.MG.028376-2.1,CGH,Central Geradora Hidrelétrica,Operação,1900-01-03,160.0,160.0," 40 - Alto Sao Francisco, ate Tres Marias"
Caiana,MG,Fumaça IV,PCH.PH.ES.027575-1.1,PCH,Pequena Central Hidrelétrica,Operação,2008-12-30,4500.0,4500.0, 57 - Litoraneas do Espirito Santo
Caldas,MG,Coroado,CGH.PH.MG.029391-1.1,CGH,Central Geradora Hidrelétrica,Operação,1955-01-01,312.08,312.0, 61 - Grande
Camacho,MG,Grafite,CGH.PH.MG.027615-4.1,CGH,Central Geradora Hidrelétrica,Operação,1954-07-29,620.4,620.0, 61 - Grande
Camanducaia,MG,Focus Geração Camanducaia Participações,CGH.PH.MG.071933-1.1,CGH,Central Geradora Hidrelétrica,Operação,2023-01-21,1566.0,1566.0," 62 - Parana, Tiete e outros"
Cambuí,MG,Cambuí,CGH.PH.MG.032005-6.1,CGH,Central Geradora Hidrelétrica,Operação,2014-10-15,920.0,920.0, 61 - Grande
Campanha,MG,Xicão,CGH.PH.MG.003059-7.2,CGH,Central Geradora Hidrelétrica,Operação,1942-01-01,1808.0,1808.0, 61 - Grande
Campestre,MG,João Franco,CGH.PH.MG.029644-9.1,CGH,Central Geradora Hidrelétrica,Operação,2015-03-16,1000.0,1000.0, 61 - Grande
Campestre,MG,Pedacinho do Céu,CGH.PH.MG.031265-7.1,CGH,Central Geradora Hidrelétrica,Operação,2013-06-25,800.0,800.0, 61 - Grande
Canaã,MG,Casquinha,CGH.PH.MG.030360-7.1,CGH,Central Geradora Hidrelétrica,Operação,2025-04-21,616.5,616.0, 56 - Doce
Canaã,MG,Limoeiro,CGH.PH.MG.029235-4.1,CGH,Central Geradora Hidrelétrica,Operação,1930-06-10,256.0,256.0, 56 - Doce
Candeias,MG,Monteiros,CGH.PH.MG.001499-0.1,CGH,Central Geradora Hidrelétrica,Operação,1954-01-01,680.0,680.0, 61 - Grande
Carandaí,MG,Bom Jardim,CGH.PH.MG.028502-1.1,CGH,Central Geradora Hidrelétrica,Operação,2002-10-25,1000.0,1000.0, 56 - Doce
Carangola,MG,Carangola,PCH.PH.MG.027731-2.1,PCH,Pequena Central Hidrelétrica,Operação,2008-06-25,15000.0,15000.0, 58 - Paraiba do Sul
Caratinga,MG,Areia Branca,PCH.PH.MG.027910-2.1,PCH,Pequena Central Hidrelétrica,Operação,2010-03-10,19800.0,19800.0, 56 - Doce
Caratinga,MG,Laje,CGH.PH.MG.029949-9.1,CGH,Central Geradora Hidrelétrica,Operação,2011-12-31,999.0,999.0, 56 - Doce
Caratinga,MG,Pipoca,PCH.PH.MG.002069-9.1,PCH,Pequena Central Hidrelétrica,Operação,2010-10-08,20000.0,20000.0, 56 - Doce
Carlos Chagas,MG,Mucuri,PCH.PH.MG.028842-0.1,PCH,Pequena Central Hidrelétrica,Operação,2013-05-10,19100.0,19100.0," 55 - Sao mateus, Itanhem e outros"
Carmo de Minas,MG,Canaã,CGH.PH.MG.029300-8.1,CGH,Central Geradora Hidrelétrica,Operação,1900-01-03,550.0,550.0, 61 - Grande
Carmo do Cajuru,MG,Cajuru,UHE.PH.MG.000597-5.1,UHE,Usina Hidrelétrica,Operação,1954-01-01,7200.0,7200.0," 40 - Alto Sao Francisco, ate Tres Marias"
Carmópolis de Minas,MG,Maria Célia Mauad Notini,CGH.PH.MG.030056-0.2,CGH,Central Geradora Hidrelétrica,Operação,2011-06-10,1575.0,1575.0," 40 - Alto Sao Francisco, ate Tres Marias"
Carvalhos,MG,Boa Vista Capeada,CGH.PH.MG.030919-2.1,CGH,Central Geradora Hidrelétrica,Operação,1900-01-03,720.0,720.0, 61 - Grande
Carvalhos,MG,Posses,CGH.PH.MG.031281-9.1,CGH,Central Geradora Hidrelétrica,Operação,2013-11-26,950.0,950.0, 61 - Grande
Cascalho Rico,MG,Theodomiro Carneiro Santiago ( Antiga Emborcação),UHE.PH.MG.027115-2.1,UHE,Usina Hidrelétrica,Operação,1982-08-02,1192000.0,1192000.0, 60 - Paranaiba
Centralina,MG,Santa Luzia,CGH.PH.MG.027421-6.1,CGH,Central Geradora Hidrelétrica,Operação,1958-01-01,704.0,704.0, 60 - Paranaiba
Chalé,MG,Chalé,CGH.PH.MG.038150-0.1,CGH,Central Geradora Hidrelétrica,Operação,2022-12-06,2100.0,2100.0, 56 - Doce
Chalé,MG,Varginha,PCH.PH.MG.027729-0.1,PCH,Pequena Central Hidrelétrica,Operação,2010-10-15,9000.0,9000.0, 56 - Doce
Chiador,MG,Simplício,UHE.PH.MG.029458-6.1,UHE,Usina Hidrelétrica,Operação,2013-06-05,333700.0,333700.0, 58 - Paraiba do Sul
Conceição das Alagoas,MG,Volta Grande,UHE.PH.SP.003045-7.1,UHE,Usina Hidrelétrica,Operação,1974-04-22,380000.0,380000.0, 61 - Grande
Conceição de Ipanema,MG,Várzea Alegre,PCH.PH.MG.027572-7.1,PCH,Pequena Central Hidrelétrica,Operação,2011-04-02,7500.0,7500.0, 56 - Doce
Conceição do Pará,MG,Pitangui,CGH.PH.MG.028081-0.3,CGH,Central Geradora Hidrelétrica,Operação,1910-01-01,1650.0,1650.0," 40 - Alto Sao Francisco, ate Tres Marias"
Conquista,MG,Igarapava,UHE.PH.SP.001098-7.1,UHE,Usina Hidrelétrica,Operação,1998-12-31,210000.0,210000.0, 61 - Grande
Coqueiral,MG,Chiquinho Barbosa,CGH.PH.MG.028927-2.1,CGH,Central Geradora Hidrelétrica,Operação,2019-02-20,60.35,60.0, 61 - Grande
Coroaci,MG,Tronqueiras,UHE.PH.MG.002886-0.2,UHE,Usina Hidrelétrica,Operação,1954-10-01,8500.0,8500.0, 56 - Doce
Coromandel,MG,Lages,CGH.PH.MG.002225-0.1,CGH,Central Geradora Hidrelétrica,Operação,1955-01-01,680.0,680.0, 60 - Paranaiba
Coronel Xavier Chaves,MG,Carandaí,CGH.PH.MG.000667-0.1,CGH,Central Geradora Hidrelétrica,Operação,1992-01-01,4194.4,4194.0, 61 - Grande
Cristina,MG,Cristina,PCH.PH.MG.027730-4.1,PCH,Pequena Central Hidrelétrica,Operação,2011-11-18,3800.0,3800.0, 61 - Grande
Curvelo,MG,Retiro Baixo,UHE.PH.MG.029457-8.1,UHE,Usina Hidrelétrica,Operação,2010-03-03,83657.0,83657.0," 40 - Alto Sao Francisco, ate Tres Marias"
Delfim Moreira,MG,Ninho da Águia,PCH.PH.MG.027576-0.1,PCH,Pequena Central Hidrelétrica,Operação,2011-01-03,10000.0,10000.0, 61 - Grande
Delfinópolis,MG,Marechal Mascarenhas de Moraes (Antiga Peixoto),UHE.PH.MG.002038-9.1,UHE,Usina Hidrelétrica,Operação,1957-04-01,476000.0,476000.0, 61 - Grande
Descoberto,MG,Ivan Botelho I (Antiga Ponte),PCH.PH.MG.027534-4.1,PCH,Pequena Central Hidrelétrica,Operação,2003-05-14,24300.0,24300.0, 58 - Paraiba do Sul
Diamantina,MG,Oswaldo Vicintin,PCH.PH.MG.031039-5.1,PCH,Pequena Central Hidrelétrica,Construção não iniciada,1900-01-03,29250.0,0.0, 41 - Das Velhas - Sao Francisco
Diamantina,MG,Serra das Agulhas,PCH.PH.MG.031207-0.1,PCH,Pequena Central Hidrelétrica,Operação,2017-04-21,30000.0,30000.0, 41 - Das Velhas - Sao Francisco
Divinópolis,MG,Cajuru,UHE.PH.MG.000597-5.1,UHE,Usina Hidrelétrica,Operação,1954-01-01,7200.0,7200.0," 40 - Alto Sao Francisco, ate Tres Marias"
Divinópolis,MG,Divinópolis,CGH.PH.MG.029234-6.1,CGH,Central Geradora Hidrelétrica,Operação,2007-05-01,999.0,999.0," 40 - Alto Sao Francisco, ate Tres Marias"
Divinópolis,MG,Gafanhoto,UHE.PH.MG.001011-1.2,UHE,Usina Hidrelétrica,Operação,1946-01-01,14000.0,14000.0," 40 - Alto Sao Francisco, ate Tres Marias"
Divinópolis,MG,São José,CGH.PH.MG.026852-6.3,CGH,Central Geradora Hidrelétrica,Operação,1920-01-01,588.0,588.0," 40 - Alto Sao Francisco, ate Tres Marias"
Dom Silvério,MG,Funil,CGH.PH.MG.029961-8.1,CGH,Central Geradora Hidrelétrica,Operação,1952-07-01,540.0,540.0, 56 - Doce
Dores de Guanhães,MG,Dores de Guanhães,PCH.PH.MG.028781-4.1,PCH,Pequena Central Hidrelétrica,Operação,2018-10-03,14000.0,14000.0, 56 - Doce
Dores de Guanhães,MG,Funil,PCH.PH.MG.027645-6.1,PCH,Pequena Central Hidrelétrica,Operação,2008-03-05,22500.0,22500.0, 56 - Doce
Dores de Guanhães,MG,Jacaré,PCH.PH.MG.028749-0.1,PCH,Pequena Central Hidrelétrica,Operação,2019-05-30,9000.0,9000.0, 56 - Doce
Dores de Guanhães,MG,Senhora do Porto,PCH.PH.MG.028735-0.1,PCH,Pequena Central Hidrelétrica,Operação,2018-05-29,12000.0,12000.0, 56 - Doce
Durandé,MG,INGÁ MIRIM,CGH.PH.MG.031677-6.1,CGH,Central Geradora Hidrelétrica,Operação,2014-07-15,1000.0,1000.0, 56 - Doce
Durandé,MG,Ingá,CGH.PH.MG.031318-1.1,CGH,Central Geradora Hidrelétrica,Operação,2015-11-18,1260.0,1260.0, 56 - Doce
Ervália,MG,Ervália,UHE.PH.MG.027034-2.2,UHE,Usina Hidrelétrica,Operação,1999-01-01,6970.0,6970.0, 58 - Paraiba do Sul
Fernandes Tourinho,MG,Baguari,UHE.PH.MG.029453-5.1,UHE,Usina Hidrelétrica,Operação,2009-09-09,140000.0,140000.0, 56 - Doce
Florestal,MG,Florestal,CGH.PH.MG.030621-5.1,CGH,Central Geradora Hidrelétrica,Operação,2012-09-02,500.0,500.0," 40 - Alto Sao Francisco, ate Tres Marias"
Formiga,MG,Pouso Alegre,CGH.PH.MG.002137-7.1,CGH,Central Geradora Hidrelétrica,Operação,1925-01-01,352.0,352.0, 61 - Grande
Frei Inocêncio,MG,Paiol,PCH.PH.MG.028670-2.1,PCH,Pequena Central Hidrelétrica,Operação,2010-03-23,20000.0,20000.0, 56 - Doce
Fronteira,MG,Marimbondo,UHE.PH.MG.001417-6.1,UHE,Usina Hidrelétrica,Operação,1975-10-25,1440000.0,1440000.0, 61 - Grande
Gonzaga,MG,Barra da Paciência,PCH.PH.MG.027530-1.1,PCH,Pequena Central Hidrelétrica,Operação,2011-03-04,23000.0,23000.0, 56 - Doce
Gonzaga,MG,Corrente Grande,PCH.PH.MG.027842-4.1,PCH,Pequena Central Hidrelétrica,Operação,2011-02-02,14000.0,14000.0, 56 - Doce
Gouveia,MG,Paraúna,PCH.PH.MG.001977-1.1,PCH,Pequena Central Hidrelétrica,Operação,1948-09-01,4280.0,4280.0, 41 - Das Velhas - Sao Francisco
Governador Valadares,MG,Baguari,UHE.PH.MG.029453-5.1,UHE,Usina Hidrelétrica,Operação,2009-09-09,140000.0,140000.0, 56 - Doce
Grão Mogol,MG,Irapé,UHE.PH.MG.001146-0.1,UHE,Usina Hidrelétrica,Operação,2006-07-20,399000.0,399000.0, 54 - Jequitinhonha
Grão Mogol,MG,Santa Marta,CGH.PH.MG.026725-2.2,CGH,Central Geradora Hidrelétrica,Operação,1944-01-01,1000.0,1000.0, 54 - Jequitinhonha
Guanhães,MG,Dona Enedina,CGH.PH.MG.037400-8.1,CGH,Central Geradora Hidrelétrica,Operação,2017-02-01,1000.0,1000.0, 56 - Doce
Guanhães,MG,Fortuna II,PCH.PH.MG.028426-2.1,PCH,Pequena Central Hidrelétrica,Operação,2019-01-11,9000.0,9000.0, 56 - Doce
Guaraciaba,MG,Anjos,CGH.PH.MG.031130-8.1,CGH,Central Geradora Hidrelétrica,Operação,2012-08-27,831.0,831.0, 56 - Doce
Guaraciaba,MG,Brecha,UHE.PH.MG.000315-8.1,UHE,Usina Hidrelétrica,Operação,1958-01-01,17000.0,17000.0, 56 - Doce
Guarani,MG,Ivan Botelho I (Antiga Ponte),PCH.PH.MG.027534-4.1,PCH,Pequena Central Hidrelétrica,Operação,2003-05-14,24300.0,24300.0, 58 - Paraiba do Sul
Guarani,MG,Ivan Botelho II (Antiga Palestina),PCH.PH.MG.027727-4.1,PCH,Pequena Central Hidrelétrica,Operação,2003-11-28,12400.0,12400.0, 58 - Paraiba do Sul
Guarani,MG,Zé Tunin,PCH.PH.MG.030597-9.1,PCH,Pequena Central Hidrelétrica,Operação,2012-12-27,8000.0,8000.0, 58 - Paraiba do Sul
Guaranésia,MG,Santa Cleonice,CGH.PH.MG.029216-8.1,CGH,Central Geradora Hidrelétrica,Operação,2012-01-27,440.3,440.0, 61 - Grande
Guiricema,MG,Ervália,UHE.PH.MG.027034-2.2,UHE,Usina Hidrelétrica,Operação,1999-01-01,6970.0,6970.0, 58 - Paraiba do Sul
Iapu,MG,Baguari,UHE.PH.MG.029453-5.1,UHE,Usina Hidrelétrica,Operação,2009-09-09,140000.0,140000.0, 56 - Doce
Ibiraci,MG,Cascata do Barreiro Ibiraci,CGH.PH.MG.030193-0.1,CGH,Central Geradora Hidrelétrica,Operação,2009-05-01,650.0,650.0, 61 - Grande
Ibiraci,MG,Marechal Mascarenhas de Moraes (Antiga Peixoto),UHE.PH.MG.002038-9.1,UHE,Usina Hidrelétrica,Operação,1957-04-01,476000.0,476000.0, 61 - Grande
Ibituruna,MG,Funil,UHE.PH.MG.001006-5.1,UHE,Usina Hidrelétrica,Operação,2002-12-30,180000.0,180000.0, 61 - Grande
Igaratinga,MG,Britos,CGH.PH.MG.000319-0.1,CGH,Central Geradora Hidrelétrica,Operação,1953-01-01,625.6,625.0," 40 - Alto Sao Francisco, ate Tres Marias"
Ijaci,MG,Funil,UHE.PH.MG.001006-5.1,UHE,Usina Hidrelétrica,Operação,2002-12-30,180000.0,180000.0, 61 - Grande
Indianópolis,MG,Miranda,UHE.PH.MG.001469-9.1,UHE,Usina Hidrelétrica,Operação,1998-05-30,408000.0,408000.0, 60 - Paranaiba
Inhapim,MG,Inhapim,PCH.PH.MG.028987-6.1,PCH,Pequena Central Hidrelétrica,Operação,2014-12-16,6000.0,6000.0, 56 - Doce
Ipanema,MG,Areia Branca,PCH.PH.MG.027910-2.1,PCH,Pequena Central Hidrelétrica,Operação,2010-03-10,19800.0,19800.0, 56 - Doce
Ipanema,MG,Neblina,UHE.PH.MG.001533-4.2,UHE,Usina Hidrelétrica,Operação,1948-11-01,6468.0,6468.0, 56 - Doce
Ipanema,MG,Pipoca,PCH.PH.MG.002069-9.1,PCH,Pequena Central Hidrelétrica,Operação,2010-10-08,20000.0,20000.0, 56 - Doce
Itabirito,MG,Agostinho Rodrigues,CGH.PH.MG.028942-6.1,CGH,Central Geradora Hidrelétrica,Operação,1936-01-01,662.4,662.0, 41 - Das Velhas - Sao Francisco
Itabirito,MG,Bonga,CGH.PH.MG.030030-6.2,CGH,Central Geradora Hidrelétrica,Operação,1942-10-14,1320.0,1320.0, 41 - Das Velhas - Sao Francisco
Itabirito,MG,Bração,CGH.PH.MG.031023-9.1,CGH,Central Geradora Hidrelétrica,Operação,2013-01-15,460.0,460.0, 41 - Das Velhas - Sao Francisco
Itabirito,MG,Rio de Pedras,PCH.PH.MG.002345-0.1,PCH,Pequena Central Hidrelétrica,Operação,1927-01-01,9280.0,9280.0, 41 - Das Velhas - Sao Francisco
Itajubá,MG,Luiz Dias,CGH.PH.MG.001344-7.2,CGH,Central Geradora Hidrelétrica,Operação,1914-01-01,1610.0,1610.0, 61 - Grande
Itamonte,MG,Itamonte,CGH.PH.MG.030075-6.1,CGH,Central Geradora Hidrelétrica,Operação,2011-01-01,500.0,500.0, 61 - Grande
Itaú de Minas,MG,São João,UHE.PH.MG.027195-0.1,UHE,Usina Hidrelétrica,Operação,1943-08-06,3200.0,3200.0, 61 - Grande
Itaúna,MG,Britos,CGH.PH.MG.000319-0.1,CGH,Central Geradora Hidrelétrica,Operação,1953-01-01,625.6,625.0," 40 - Alto Sao Francisco, ate Tres Marias"
Itaúna,MG,Caixão,PCH.PH.MG.028966-3.1,PCH,Pequena Central Hidrelétrica,Operação,1936-05-01,1172.0,1172.0," 40 - Alto Sao Francisco, ate Tres Marias"
Itaúna,MG,Coronel Jové Soares Nogueira (benfica),CGH.PH.MG.028011-9.2,CGH,Central Geradora Hidrelétrica,Operação,1988-01-01,850.0,850.0," 40 - Alto Sao Francisco, ate Tres Marias"
Itaúna,MG,Coronel João de Cerqueira Lima,CGH.PH.MG.000739-0.2,CGH,Central Geradora Hidrelétrica,Operação,2020-12-01,1500.0,1500.0," 40 - Alto Sao Francisco, ate Tres Marias"
Itaúna,MG,Doutor Augusto Gonçalves de Souza,CGH.PH.MG.027129-2.3,CGH,Central Geradora Hidrelétrica,Operação,2020-12-01,2500.0,2500.0," 40 - Alto Sao Francisco, ate Tres Marias"
Ituiutaba,MG,Salto Morais,CGH.PH.MG.002656-5.2,CGH,Central Geradora Hidrelétrica,Operação,1957-01-01,2394.0,2394.0, 60 - Paranaiba
Itumirim,MG,Funil,UHE.PH.MG.001006-5.1,UHE,Usina Hidrelétrica,Operação,2002-12-30,180000.0,180000.0, 61 - Grande
Iturama,MG,Água Vermelha (Antiga José Ermírio de Moraes),UHE.PH.MG.000041-8.1,UHE,Usina Hidrelétrica,Operação,1978-08-22,1396200.0,1396200.0, 61 - Grande
Itutinga,MG,Camargos,UHE.PH.MG.000608-4.1,UHE,Usina Hidrelétrica,Operação,1960-01-01,46000.0,46000.0, 61 - Grande
Itutinga,MG,Itutinga,UHE.PH.MG.001197-5.1,UHE,Usina Hidrelétrica,Operação,1955-01-01,52000.0,52000.0, 61 - Grande
Jacutinga,MG,Jacutinga,CGH.PH.MG.001220-3.1,CGH,Central Geradora Hidrelétrica,Operação,1948-01-01,576.0,576.0, 61 - Grande
Jacuí,MG,Santana,UHE.PH.MG.027126-8.1,UHE,Usina Hidrelétrica,Operação,1911-01-01,650.0,500.0, 61 - Grande
Jeceaba,MG,Salto do Paraopeba,PCH.PH.MG.002633-6.1,PCH,Pequena Central Hidrelétrica,Operação,1955-11-01,2460.0,2460.0," 40 - Alto Sao Francisco, ate Tres Marias"
Joanésia,MG,Porto Estrela,UHE.PH.MG.027196-9.1,UHE,Usina Hidrelétrica,Operação,2001-09-04,112240.0,112240.0, 56 - Doce
João Monlevade,MG,Rio Piracicaba,PCH.PH.MG.002075-3.1,PCH,Pequena Central Hidrelétrica,Operação,1939-01-01,9000.0,9000.0, 56 - Doce
Juiz de Fora,MG,Fazenda Aquidauana,CGH.PH.MG.028720-2.1,CGH,Central Geradora Hidrelétrica,Operação,1900-01-03,12.0,12.0, 58 - Paraiba do Sul
Juiz de Fora,MG,Joasal,UHE.PH.MG.001255-6.2,UHE,Usina Hidrelétrica,Operação,1950-05-01,8400.0,8400.0, 58 - Paraiba do Sul
Juiz de Fora,MG,Marmelos,UHE.PH.MG.001420-6.2,UHE,Usina Hidrelétrica,Operação,1915-01-01,4000.0,4000.0, 58 - Paraiba do Sul
Juiz de Fora,MG,Matipó,CGH.PH.MG.001438-9.1,CGH,Central Geradora Hidrelétrica,Operação,1924-01-01,416.0,416.0, 56 - Doce
Juiz de Fora,MG,Picada,UHE.PH.MG.002053-2.1,UHE,Usina Hidrelétrica,Operação,2006-07-01,50000.0,50000.0, 58 - Paraiba do Sul
Lassance,MG,Santa Helena,PCH.PH.MG.030961-3.1,PCH,Pequena Central Hidrelétrica,Operação,2014-07-18,5335.0,5335.0, 41 - Das Velhas - Sao Francisco
Lavras,MG,Funil,UHE.PH.MG.001006-5.1,UHE,Usina Hidrelétrica,Operação,2002-12-30,180000.0,180000.0, 61 - Grande
Leopoldina,MG,Maurício,CGH.PH.MG.001446-0.1,CGH,Central Geradora Hidrelétrica,Operação,1908-01-01,640.0,640.0, 58 - Paraiba do Sul
Leopoldina,MG,Nova Maurício,PCH.PH.MG.027722-3.1,PCH,Pequena Central Hidrelétrica,Operação,1956-01-01,29232.0,29232.0, 58 - Paraiba do Sul
Liberdade,MG,Barulho,CGH.PH.MG.000234-8.2,CGH,Central Geradora Hidrelétrica,Operação,1940-01-31,1320.0,1320.0, 61 - Grande
Liberdade,MG,Floresta,CGH.PH.MG.031641-5.1,CGH,Central Geradora Hidrelétrica,Operação,2014-10-24,950.0,950.0, 61 - Grande
Liberdade,MG,Nickel Ponte Alta,CGH.PH.MG.062921-9.1,CGH,Central Geradora Hidrelétrica,Operação,1940-01-31,55.2,55.0, 61 - Grande
Lima Duarte,MG,Cachoeira do Brumado,CGH.PH.MG.029723-2.2,CGH,Central Geradora Hidrelétrica,Operação,2010-03-06,2340.0,2340.0, 58 - Paraiba do Sul
Manhuaçu,MG,Benjamim Mário Baptista (Antiga Nova Sinceridade),PCH.PH.MG.027207-8.1,PCH,Pequena Central Hidrelétrica,Operação,2001-03-31,9000.0,9000.0, 56 - Doce
Manhuaçu,MG,OPHIR,CGH.PH.MG.035858-4.1,CGH,Central Geradora Hidrelétrica,Operação,1966-08-20,1400.0,1400.0, 56 - Doce
Manhuaçu,MG,Roça Grande,CGH.PH.MG.002535-6.1,CGH,Central Geradora Hidrelétrica,Operação,1929-01-01,768.0,768.0, 56 - Doce
Manhuaçu,MG,Sinceridade,UHE.PH.MG.002751-0.2,UHE,Usina Hidrelétrica,Operação,1963-03-01,1416.0,1416.0, 56 - Doce
Maria da Fé,MG,OLIVA BRASIL,CGH.PH.MG.037823-2.1,CGH,Central Geradora Hidrelétrica,Operação,2017-08-05,450.0,450.0, 61 - Grande
Mariana,MG,Fumaça,PCH.PH.MG.027957-9.1,PCH,Pequena Central Hidrelétrica,Operação,2003-05-20,10000.0,10000.0, 56 - Doce
Mariana,MG,Furquim,PCH.PH.MG.028175-1.1,PCH,Pequena Central Hidrelétrica,Operação,2003-11-05,6000.0,6000.0, 56 - Doce
Mathias Lobato,MG,Paiol,PCH.PH.MG.028670-2.1,PCH,Pequena Central Hidrelétrica,Operação,2010-03-23,20000.0,20000.0, 56 - Doce
Matias Barbosa,MG,Paciência,UHE.PH.MG.001927-5.2,UHE,Usina Hidrelétrica,Operação,1930-05-27,4080.0,4080.0, 58 - Paraiba do Sul
Miradouro,MG,Miradouro,CGH.PH.MG.030847-1.1,CGH,Central Geradora Hidrelétrica,Operação,2012-02-27,1260.0,1260.0, 58 - Paraiba do Sul
Miradouro,MG,Santa Bárbara Energia,CGH.PH.MG.031277-0.1,CGH,Central Geradora Hidrelétrica,Operação,2014-01-20,1000.0,1000.0, 58 - Paraiba do Sul
Miraí,MG,Miguel Pereira,CGH.PH.MG.001462-1.1,CGH,Central Geradora Hidrelétrica,Operação,1930-01-01,736.0,736.0, 58 - Paraiba do Sul
Miraí,MG,Santa Cecília,CGH.PH.MG.027928-5.1,CGH,Central Geradora Hidrelétrica,Operação,1950-01-01,424.0,424.0, 58 - Paraiba do Sul
Monjolos,MG,Serra das Agulhas,PCH.PH.MG.031207-0.1,PCH,Pequena Central Hidrelétrica,Operação,2017-04-21,30000.0,30000.0, 41 - Das Velhas - Sao Francisco
Monte Alegre de Minas,MG,Piedade,PCH.PH.MG.028807-1.1,PCH,Pequena Central Hidrelétrica,Operação,2010-08-25,21690.0,21690.0, 60 - Paranaiba
Monte Santo de Minas,MG,Pinheirinho,CGH.PH.MG.002065-6.1,CGH,Central Geradora Hidrelétrica,Operação,1911-12-31,670.35,670.0, 61 - Grande
Muriaé,MG,Coronel Domiciano,UHE.PH.MG.000838-9.2,UHE,Usina Hidrelétrica,Operação,1994-07-01,5040.0,5040.0, 58 - Paraiba do Sul
Muriaé,MG,Glória,UHE.PH.MG.001034-0.1,UHE,Usina Hidrelétrica,Operação,1983-01-01,13800.0,13800.0, 58 - Paraiba do Sul
Muriaé,MG,Ormeo Junqueira Botelho (Antiga Cachoeira Encoberta),PCH.PH.MG.027958-7.1,PCH,Pequena Central Hidrelétrica,Operação,2003-12-31,22700.0,22700.0, 58 - Paraiba do Sul
Muriaé,MG,Pirapanema,CGH.PH.MG.031051-4.1,CGH,Central Geradora Hidrelétrica,Operação,2013-02-28,1260.0,1260.0, 58 - Paraiba do Sul
Muzambinho,MG,Mandassaia,CGH.PH.MG.040261-3.1,CGH,Central Geradora Hidrelétrica,Operação,1925-08-14,630.0,630.0, 61 - Grande
Nanuque,MG,Santa Clara,UHE.PH.MG.002699-9.1,UHE,Usina Hidrelétrica,Operação,2002-02-20,60000.0,60000.0," 55 - Sao mateus, Itanhem e outros"
Nazareno,MG,Camargos,UHE.PH.MG.000608-4.1,UHE,Usina Hidrelétrica,Operação,1960-01-01,46000.0,46000.0, 61 - Grande
Nazareno,MG,Itutinga,UHE.PH.MG.001197-5.1,UHE,Usina Hidrelétrica,Operação,1955-01-01,52000.0,52000.0, 61 - Grande
Nepomuceno,MG,COURO DO CERVO,CGH.PH.MG.075318-1.1,CGH,Central Geradora Hidrelétrica,Operação,2024-12-02,1000.0,1000.0,
Nova Era,MG,Guilman Amorim,UHE.PH.MG.001079-0.1,UHE,Usina Hidrelétrica,Operação,1997-11-02,140000.0,140000.0, 56 - Doce
Nova Lima,MG,B,CGH.PH.MG.027788-6.1,CGH,Central Geradora Hidrelétrica,Operação,1976-03-29,940.0,940.0, 41 - Das Velhas - Sao Francisco
Nova Lima,MG,Codorna,PCH.PH.MG.000789-7.1,PCH,Pequena Central Hidrelétrica,Operação,1937-01-01,1944.0,1944.0, 41 - Das Velhas - Sao Francisco
Nova Lima,MG,D,PCH.PH.MG.027175-6.1,PCH,Pequena Central Hidrelétrica,Operação,1953-11-20,1360.0,1360.0, 41 - Das Velhas - Sao Francisco
Nova Lima,MG,E,PCH.PH.MG.000008-6.1,PCH,Pequena Central Hidrelétrica,Operação,1953-11-20,1400.0,1400.0, 41 - Das Velhas - Sao Francisco
Nova Lima,MG,E Nova,PCH.PH.MG.027899-8.1,PCH,Pequena Central Hidrelétrica,Operação,1953-11-20,2744.0,2744.0, 41 - Das Velhas - Sao Francisco
Nova Lima,MG,F,PCH.PH.MG.000009-4.1,PCH,Pequena Central Hidrelétrica,Operação,1953-11-20,3972.0,3972.0, 41 - Das Velhas - Sao Francisco
Nova Lima,MG,G,PCH.PH.MG.000010-8.1,PCH,Pequena Central Hidrelétrica,Operação,1937-01-01,1440.0,1440.0, 41 - Das Velhas - Sao Francisco
Nova Ponte,MG,Córrego Barro Preto,CGH.PH.MG.028201-4.1,CGH,Central Geradora Hidrelétrica,Operação,1980-01-01,24.0,24.0, 60 - Paranaiba
Nova Ponte,MG,Nova Ponte,UHE.PH.MG.001574-1.1,UHE,Usina Hidrelétrica,Operação,1994-01-01,510000.0,510000.0, 60 - Paranaiba
Oliveira,MG,Oliveira,PCH.PH.MG.030148-5.1,PCH,Pequena Central Hidrelétrica,Operação,2010-07-31,2880.0,2880.0, 61 - Grande
Ouro Preto,MG,Cachoeira dos Prazeres,CGH.PH.MG.000526-6.2,CGH,Central Geradora Hidrelétrica,Operação,1951-01-01,3757.5,3757.0, 56 - Doce
Paracatu,MG,Batalha,CGH.PH.MG.000235-6.3,CGH,Central Geradora Hidrelétrica,Operação,1954-12-01,960.0,960.0, 60 - Paranaiba
Paracatu,MG,Batalha (Antiga Paulista),UHE.PH.MG.029454-3.1,UHE,Usina Hidrelétrica,Operação,2014-05-17,52500.0,52500.0, 60 - Paranaiba
Pará de Minas,MG,Companhia Tecidos Santanense,CGH.PH.MG.000680-7.3,CGH,Central Geradora Hidrelétrica,Operação,1969-09-18,1472.0,1472.0," 40 - Alto Sao Francisco, ate Tres Marias"
Passa Quatro,MG,Lamins,CGH.PH.MG.028021-6.1,CGH,Central Geradora Hidrelétrica,Operação,1958-01-01,840.0,840.0, 61 - Grande
Passa Tempo,MG,Dorneles,CGH.PH.MG.027044-0.2,CGH,Central Geradora Hidrelétrica,Operação,2013-04-22,4770.0,4770.0," 40 - Alto Sao Francisco, ate Tres Marias"
Passa Tempo,MG,Maria Célia Mauad Notini,CGH.PH.MG.030056-0.2,CGH,Central Geradora Hidrelétrica,Operação,2011-06-10,1575.0,1575.0," 40 - Alto Sao Francisco, ate Tres Marias"
Passa-Vinte,MG,Paes Leme,PCH.PH.MG.001932-1.1,PCH,Pequena Central Hidrelétrica,Operação,2001-06-21,1920.0,1920.0, 58 - Paraiba do Sul
Passos,MG,Monte Alto,UHE.PH.MG.001489-3.1,UHE,Usina Hidrelétrica,Operação,1952-02-27,7360.0,7360.0, 61 - Grande
Patrocínio,MG,Parque Hotel Serra Negra,CGH.PH.MG.030970-2.1,CGH,Central Geradora Hidrelétrica,Operação,1986-10-12,300.0,300.0, 60 - Paranaiba
Pavão,MG,Mucuri,PCH.PH.MG.028842-0.1,PCH,Pequena Central Hidrelétrica,Operação,2013-05-10,19100.0,19100.0," 55 - Sao mateus, Itanhem e outros"
Pedra do Indaiá,MG,Camarão,CGH.PH.MG.029281-8.1,CGH,Central Geradora Hidrelétrica,Operação,2005-05-05,910.0,910.0," 40 - Alto Sao Francisco, ate Tres Marias"
Perdizes,MG,Cachoeira dos Macacos,CGH.PH.MG.028381-9.2,CGH,Central Geradora Hidrelétrica,Operação,1949-07-27,3375.0,3375.0, 60 - Paranaiba
Perdões,MG,Funil,UHE.PH.MG.001006-5.1,UHE,Usina Hidrelétrica,Operação,2002-12-30,180000.0,180000.0, 61 - Grande
Periquito,MG,Baguari,UHE.PH.MG.029453-5.1,UHE,Usina Hidrelétrica,Operação,2009-09-09,140000.0,140000.0, 56 - Doce
Piau,MG,Piau,UHE.PH.MG.002052-4.2,UHE,Usina Hidrelétrica,Operação,1955-01-01,18012.0,18012.0, 58 - Paraiba do Sul
Piranguçu,MG,São Bernardo,PCH.PH.MG.026798-8.1,PCH,Pequena Central Hidrelétrica,Operação,1948-01-01,6820.0,6820.0, 61 - Grande
Pirapora,MG,Fazenda Água Branca,CGH.PH.MG.031101-4.1,CGH,Central Geradora Hidrelétrica,Operação,2003-01-01,1.03,1.0, 41 - Das Velhas - Sao Francisco
Planura,MG,Porto Colômbia,UHE.PH.MG.002117-2.1,UHE,Usina Hidrelétrica,Operação,1973-06-29,320000.0,320000.0, 61 - Grande
Pocrane,MG,Henrique Nunes Coutinho (Antiga Cachoeirão),PCH.PH.MG.027940-4.1,PCH,Pequena Central Hidrelétrica,Operação,2008-12-30,27000.0,27000.0, 56 - Doce
Pompéu,MG,Retiro Baixo,UHE.PH.MG.029457-8.1,UHE,Usina Hidrelétrica,Operação,2010-03-03,83657.0,83657.0," 40 - Alto Sao Francisco, ate Tres Marias"
Ponte Nova,MG,Brito,CGH.PH.MG.000318-2.4,CGH,Central Geradora Hidrelétrica,Operação,1924-01-01,2900.0,2900.0, 56 - Doce
Ponte Nova,MG,Pontal,PCH.PH.MG.029226-5.1,PCH,Pequena Central Hidrelétrica,Construção não iniciada,1900-01-03,29000.0,0.0, 56 - Doce
Poço Fundo,MG,Poço Fundo,PCH.PH.MG.002092-3.1,PCH,Pequena Central Hidrelétrica,Operação,1949-01-01,30000.0,30000.0, 61 - Grande
Poços de Caldas,MG,Coroado,CGH.PH.MG.029391-1.1,CGH,Central Geradora Hidrelétrica,Operação,1955-01-01,312.08,312.0, 61 - Grande
Poços de Caldas,MG,José Togni,CGH.PH.MG.000298-4.1,CGH,Central Geradora Hidrelétrica,Operação,1988-10-01,720.0,720.0, 61 - Grande
Poços de Caldas,MG,Padre Carlos (Antiga Rolador),PCH.PH.MG.027870-0.1,PCH,Pequena Central Hidrelétrica,Operação,2003-06-15,7800.0,7800.0, 61 - Grande
Poços de Caldas,MG,Pedro Affonso Junqueira (Antiga Antas I),UHE.PH.MG.000109-0.1,UHE,Usina Hidrelétrica,Operação,1911-01-01,8780.0,8780.0, 61 - Grande
Poços de Caldas,MG,Ubirajara Machado de Moraes,CGH.PH.MG.027139-0.1,CGH,Central Geradora Hidrelétrica,Operação,1985-10-19,800.0,800.0, 61 - Grande
Poços de Caldas,MG,Walter Rossi (Antiga Antas II),UHE.PH.MG.000110-4.1,UHE,Usina Hidrelétrica,Operação,1998-07-01,16500.0,16500.0, 61 - Grande
Raul Soares,MG,Armando de Abreu Rios,CGH.PH.MG.028711-3.1,CGH,Central Geradora Hidrelétrica,Operação,1900-01-03,120.0,120.0, 56 - Doce
Raul Soares,MG,João Camilo Penna (Antiga Cachoeira do Emboque),UHE.PH.MG.000473-1.1,UHE,Usina Hidrelétrica,Operação,1998-01-01,21600.0,21600.0, 56 - Doce
Raul Soares,MG,Melo Viana,PCH.PH.MG.001455-9.1,PCH,Pequena Central Hidrelétrica,Construção não iniciada,1900-01-03,6516.0,0.0, 56 - Doce
Raul Soares,MG,Vermelho Velho,CGH.PH.MG.031566-4.1,CGH,Central Geradora Hidrelétrica,Operação,2015-11-30,2500.0,2500.0, 56 - Doce
Recreio,MG,Barra do Braúna,UHE.PH.MG.000215-1.1,UHE,Usina Hidrelétrica,Operação,2009-12-25,39000.0,39000.0, 58 - Paraiba do Sul
Reduto,MG,Cachoeira Alta,CGH.PH.MG.000404-9.1,CGH,Central Geradora Hidrelétrica,Operação,1918-01-01,302.4,302.0, 56 - Doce
Reduto,MG,Sinceridade,UHE.PH.MG.002751-0.2,UHE,Usina Hidrelétrica,Operação,1963-03-01,1416.0,1416.0, 56 - Doce
Rio Casca,MG,Nova Ponte Queimada II,CGH.PH.MG.028570-6.1,CGH,Central Geradora Hidrelétrica,Operação,1983-01-01,3000.0,3000.0, 56 - Doce
Rio Doce,MG,Paulo Mascarenhas,CGH.PH.MG.002013-3.1,CGH,Central Geradora Hidrelétrica,Operação,1977-06-01,1000.0,1000.0, 56 - Doce
Rio Doce,MG,Risoleta Neves (Antiga Candonga),UHE.PH.MG.000641-6.1,UHE,Usina Hidrelétrica,Operação,2004-09-07,140000.0,140000.0, 56 - Doce
Rio Pomba,MG,Ituerê,CGH.PH.MG.001192-4.2,CGH,Central Geradora Hidrelétrica,Operação,1918-10-01,4040.0,4040.0, 58 - Paraiba do Sul
Rio Preto,MG,Mello,PCH.PH.MG.001454-0.1,PCH,Pequena Central Hidrelétrica,Operação,1997-10-30,10685.0,10685.0, 58 - Paraiba do Sul
Rosário da Limeira,MG,Limeira,CGH.PH.MG.030866-8.1,CGH,Central Geradora Hidrelétrica,Operação,2012-05-28,1260.0,1260.0, 58 - Paraiba do Sul
Sabará,MG,Bosque dos Chalés,CGH.PH.MG.028940-0.1,CGH,Central Geradora Hidrelétrica,Operação,2002-02-13,12.0,12.0, 41 - Das Velhas - Sao Francisco
Sabará,MG,Marzagão,CGH.PH.MG.001430-3.2,CGH,Central Geradora Hidrelétrica,Operação,1987-07-13,2032.0,2032.0, 41 - Das Velhas - Sao Francisco
Sacramento,MG,Borá,CGH.PH.MG.030254-6.1,CGH,Central Geradora Hidrelétrica,Operação,2010-10-15,600.0,600.0, 61 - Grande
Sacramento,MG,Cachoeira dos Macacos,CGH.PH.MG.028381-9.2,CGH,Central Geradora Hidrelétrica,Operação,1949-07-27,3375.0,3375.0, 60 - Paranaiba
Sacramento,MG,Eco Vida Cajuru,CGH.PH.MG.029326-1.1,CGH,Central Geradora Hidrelétrica,Operação,2006-12-30,560.0,560.0, 61 - Grande
Sacramento,MG,Estreito (Luiz Carlos Barreto de Carvalho),UHE.PH.SP.000917-2.1,UHE,Usina Hidrelétrica,Operação,1969-03-16,1050000.0,1050000.0, 61 - Grande
Sacramento,MG,Jaguara,UHE.PH.SP.001225-4.1,UHE,Usina Hidrelétrica,Operação,1971-01-01,424000.0,424000.0, 61 - Grande
Sacramento,MG,Pai Joaquim,PCH.PH.MG.001934-8.1,PCH,Pequena Central Hidrelétrica,Operação,2004-03-31,23000.0,23000.0, 60 - Paranaiba
Sacramento,MG,Santa Marta,CGH.PH.MG.029978-2.1,CGH,Central Geradora Hidrelétrica,Operação,2008-11-01,288.0,288.0, 61 - Grande
Santa Bárbara do Monte Verde,MG,Serra Negra,CGH.PH.MG.040663-5.1,CGH,Central Geradora Hidrelétrica,Operação,2023-04-12,3000.0,3000.0, 58 - Paraiba do Sul
Santa Cruz do Escalvado,MG,Risoleta Neves (Antiga Candonga),UHE.PH.MG.000641-6.1,UHE,Usina Hidrelétrica,Operação,2004-09-07,140000.0,140000.0, 56 - Doce
Santa Juliana,MG,Pai Joaquim,PCH.PH.MG.001934-8.1,PCH,Pequena Central Hidrelétrica,Operação,2004-03-31,23000.0,23000.0, 60 - Paranaiba
Santa Maria de Itabira,MG,Dona Rita,UHE.PH.MG.028084-4.2,UHE,Usina Hidrelétrica,Operação,1959-01-01,2408.0,2408.0, 56 - Doce
Santa Rita de Jacutinga,MG,Areal,PCH.PH.MG.000141-4.1,PCH,Pequena Central Hidrelétrica,Operação,1988-01-01,5149.17,5149.0, 58 - Paraiba do Sul
Santa Rita de Jacutinga,MG,Henrique Portugal,CGH.PH.MG.028022-4.1,CGH,Central Geradora Hidrelétrica,Operação,1953-01-01,800.0,800.0, 58 - Paraiba do Sul
Santa Vitória,MG,Nascer do Sol,CGH.PH.MG.001529-6.1,CGH,Central Geradora Hidrelétrica,Operação,1900-01-03,190.0,190.0, 60 - Paranaiba
Santa Vitória,MG,São Simão,UHE.PH.GO.002704-9.1,UHE,Usina Hidrelétrica,Operação,1978-01-01,1710000.0,1710000.0, 60 - Paranaiba
Santana da Vargem,MG,Chiquinho Barbosa,CGH.PH.MG.028927-2.1,CGH,Central Geradora Hidrelétrica,Operação,2019-02-20,60.35,60.0, 61 - Grande
Santana do Deserto,MG,Santa Fé I,PCH.PH.RJ.028752-0.1,PCH,Pequena Central Hidrelétrica,Operação,2008-05-09,30000.0,30000.0, 58 - Paraiba do Sul
Santana do Deserto,MG,Santana do Deserto I,CGH.PH.MG.035745-6.1,CGH,Central Geradora Hidrelétrica,Operação,2018-05-25,1600.0,1600.0, 58 - Paraiba do Sul
Santana do Jacaré,MG,Anil,CGH.PH.MG.000103-1.2,CGH,Central Geradora Hidrelétrica,Operação,1964-03-01,2056.0,2056.0, 61 - Grande
Santana do Riacho,MG,Coronel Américo Teixeira,PCH.PH.MG.000836-2.2,PCH,Pequena Central Hidrelétrica,Operação,1953-04-30,5600.0,5600.0, 41 - Das Velhas - Sao Francisco
Santana do Riacho,MG,Pacífico Mascarenhas,CGH.PH.MG.001928-3.2,CGH,Central Geradora Hidrelétrica,Operação,1928-01-01,5000.0,5000.0, 41 - Das Velhas - Sao Francisco
Santo Antônio do Monte,MG,Cachoeira Diamante,CGH.PH.MG.038184-5.1,CGH,Central Geradora Hidrelétrica,Operação,2017-06-09,500.0,500.0," 40 - Alto Sao Francisco, ate Tres Marias"
Santos Dumont,MG,Anna Maria,PCH.PH.MG.000104-0.1,PCH,Pequena Central Hidrelétrica,Operação,1937-08-01,1680.0,1680.0, 58 - Paraiba do Sul
Santos Dumont,MG,Guary,PCH.PH.MG.001078-2.1,PCH,Pequena Central Hidrelétrica,Operação,1914-01-01,5400.0,5400.0, 58 - Paraiba do Sul
Sapucaí-Mirim,MG,NR,CGH.PH.MG.029616-3.1,CGH,Central Geradora Hidrelétrica,Operação,2007-03-05,73.04,73.0, 61 - Grande
Serra dos Aimorés,MG,Santa Clara,UHE.PH.MG.002699-9.1,UHE,Usina Hidrelétrica,Operação,2002-02-20,60000.0,60000.0," 55 - Sao mateus, Itanhem e outros"
Serrania,MG,SERRANIA TERRENO,CGH.PH.MG.031649-0.1,CGH,Central Geradora Hidrelétrica,Operação,2014-02-19,320.0,320.0, 61 - Grande
Serrania,MG,Serrania,CGH.PH.MG.029881-6.1,CGH,Central Geradora Hidrelétrica,Operação,1987-04-01,988.8,988.0, 61 - Grande
Sete Lagoas,MG,Central Tropeiro,CGH.PH.MG.044753-6.1,CGH,Central Geradora Hidrelétrica,Operação,2018-11-01,16.0,16.0, 41 - Das Velhas - Sao Francisco
Simonésia,MG,Simonésia,CGH.PH.MG.031334-3.1,CGH,Central Geradora Hidrelétrica,Operação,2015-12-13,3000.0,3000.0, 56 - Doce
Simão Pereira,MG,Bonfante,PCH.PH.MG.000291-7.1,PCH,Pequena Central Hidrelétrica,Operação,2008-08-02,19000.0,19000.0, 58 - Paraiba do Sul
Simão Pereira,MG,Monte Serrat,PCH.PH.RJ.001498-2.1,PCH,Pequena Central Hidrelétrica,Operação,2009-02-13,25000.0,25000.0, 58 - Paraiba do Sul
Simão Pereira,MG,Sobragi,UHE.PH.MG.002757-0.1,UHE,Usina Hidrelétrica,Operação,1998-07-01,60000.0,60000.0, 58 - Paraiba do Sul
Sobrália,MG,Baguari,UHE.PH.MG.029453-5.1,UHE,Usina Hidrelétrica,Operação,2009-09-09,140000.0,140000.0, 56 - Doce
São Francisco do Glória,MG,Cachoeira do Espírito Santo,CGH.PH.MG.071934-0.1,CGH,Central Geradora Hidrelétrica,Operação,2023-07-20,1674.0,1674.0, 58 - Paraiba do Sul
São Francisco do Glória,MG,Juá,CGH.PH.MG.046523-2.2,CGH,Central Geradora Hidrelétrica,Operação,2024-04-10,3000.0,3000.0, 58 - Paraiba do Sul
São Gonçalo do Rio Abaixo,MG,Peti,UHE.PH.MG.002047-8.1,UHE,Usina Hidrelétrica,Operação,1946-05-19,9400.0,9400.0, 56 - Doce
São Gonçalo do Rio Abaixo,MG,São Gonçalo (Antiga Santa Bárbara),PCH.PH.MG.027673-1.1,PCH,Pequena Central Hidrelétrica,Operação,2010-06-08,11000.0,11000.0, 56 - Doce
São Gotardo,MG,Jacques Dornas,CGH.PH.MG.043188-5.1,CGH,Central Geradora Hidrelétrica,Operação,1959-01-01,796.0,796.0, 41 - Das Velhas - Sao Francisco
São José da Barra,MG,Furnas,UHE.PH.MG.001007-3.1,UHE,Usina Hidrelétrica,Operação,1963-09-04,1216000.0,1216000.0, 61 - Grande
São José do Mantimento,MG,Varginha,PCH.PH.MG.027729-0.1,PCH,Pequena Central Hidrelétrica,Operação,2010-10-15,9000.0,9000.0, 56 - Doce
São João Batista do Glória,MG,Furnas,UHE.PH.MG.001007-3.1,UHE,Usina Hidrelétrica,Operação,1963-09-04,1216000.0,1216000.0, 61 - Grande
São João del Rei,MG,Moinho 2,CGH.PH.MG.034197-5.1,CGH,Central Geradora Hidrelétrica,Operação,2015-07-01,736.0,736.0, 61 - Grande
São João do Paraíso,MG,Machado Mineiro,PCH.PH.MG.001361-7.1,PCH,Pequena Central Hidrelétrica,Operação,1992-01-01,1720.0,1720.0," 53 - Pardo, Cachoeira e outros"
São Miguel do Anta,MG,Casquinha,CGH.PH.MG.030360-7.1,CGH,Central Geradora Hidrelétrica,Operação,2025-04-21,616.5,616.0, 56 - Doce
São Miguel do Anta,MG,Limoeiro,CGH.PH.MG.029235-4.1,CGH,Central Geradora Hidrelétrica,Operação,1930-06-10,256.0,256.0, 56 - Doce
Taquaraçu de Minas,MG,Madame Denise (Cachoeira do Furado),PCH.PH.MG.028218-9.1,PCH,Pequena Central Hidrelétrica,Operação,1935-11-26,2880.0,2880.0, 41 - Das Velhas - Sao Francisco
Tombos,MG,Tombos,PCH.PH.MG.002856-8.1,PCH,Pequena Central Hidrelétrica,Operação,1912-01-01,2880.0,2880.0, 58 - Paraiba do Sul
Três Marias,MG,Três Marias,UHE.PH.MG.027113-6.1,UHE,Usina Hidrelétrica,Operação,1962-01-01,396000.0,396000.0," 40 - Alto Sao Francisco, ate Tres Marias"
Uberlândia,MG,Amador Aguiar I (Antiga Capim Branco I),UHE.PH.MG.027483-6.1,UHE,Usina Hidrelétrica,Operação,2006-02-21,243090.0,243090.0, 60 - Paranaiba
Uberlândia,MG,Amador Aguiar II (Antiga Capim Branco II),UHE.PH.MG.027484-4.1,UHE,Usina Hidrelétrica,Operação,2007-03-09,211470.0,211470.0, 60 - Paranaiba
Uberlândia,MG,Malagone,PCH.PH.MG.029646-5.1,PCH,Pequena Central Hidrelétrica,Operação,2010-04-01,19000.0,19000.0, 60 - Paranaiba
Uberlândia,MG,Martins,UHE.PH.MG.001427-3.2,UHE,Usina Hidrelétrica,Operação,1950-11-01,7700.0,7700.0, 60 - Paranaiba
Uberlândia,MG,Miranda,UHE.PH.MG.001469-9.1,UHE,Usina Hidrelétrica,Operação,1998-05-30,408000.0,408000.0, 60 - Paranaiba
Uberlândia,MG,Tapuirama,CGH.PH.MG.028955-8.1,CGH,Central Geradora Hidrelétrica,Operação,2017-11-20,1500.0,1500.0, 60 - Paranaiba
Unaí,MG,Mata Velha,PCH.PH.MG.028607-9.1,PCH,Pequena Central Hidrelétrica,Operação,2016-05-07,24000.0,24000.0, 42 - Paracatu e outros - Sao Francisco
Unaí,MG,Queimado,UHE.PH.MG.002176-8.1,UHE,Usina Hidrelétrica,Operação,2004-06-16,105000.0,105000.0, 42 - Paracatu e outros - Sao Francisco
Unaí,MG,Unaí Baixo,PCH.PH.MG.028673-7.1,PCH,Pequena Central Hidrelétrica,Operação,2012-05-04,26000.0,26000.0, 42 - Paracatu e outros - Sao Francisco
Unaí,MG,W. Egido,CGH.PH.MG.029028-9.1,CGH,Central Geradora Hidrelétrica,Operação,1900-01-03,20.0,20.0, 43 - Urucuia - Sao Francisco
Varginha,MG,Boa Vista II,PCH.PH.MG.033465-0.1,PCH,Pequena Central Hidrelétrica,Operação,2018-10-24,29900.0,29900.0, 61 - Grande
Varginha,MG,Braço Seco,CGH.PH.MG.031251-7.1,CGH,Central Geradora Hidrelétrica,Operação,2006-05-01,1000.0,1000.0, 61 - Grande
Virginópolis,MG,Fortuna II,PCH.PH.MG.028426-2.1,PCH,Pequena Central Hidrelétrica,Operação,2019-01-11,9000.0,9000.0, 56 - Doce
Volta Grande,MG,Volta Grande,CGH.PH.MG.030949-4.1,CGH,Central Geradora Hidrelétrica,Operação,2012-12-01,990.0,990.0, 58 - Paraiba do Sul
Volta Grande,MG,Volta Grande,CGH.PH.MG.075539-7.1,CGH,Central Geradora Hidrelétrica,Construção não iniciada,1900-01-03,2500.0,0.0,
Wenceslau Braz,MG,Rede Elétrica Piquete - Itajubá - REPI,PCH.PH.MG.002070-2.1,PCH,Pequena Central Hidrelétrica,Operação,1932-12-08,3340.0,3340.0, 61 - Grande
Águas Vermelhas,MG,Machado Mineiro,PCH.PH.MG.001361-7.1,PCH,Pequena Central Hidrelétrica,Operação,1992-01-01,1720.0,1720.0," 53 - Pardo, Cachoeira e outros"
Amambaí,MS,Córrego São Luiz,CGH.PH.MS.029618-0.1,CGH,Central Geradora Hidrelétrica,Operação,2009-08-31,688.0,688.0," 64 - Parana, Paranapanema, Amambai e outros"
Anaurilândia,MS,Porto Primavera (Eng° Sérgio Motta),UHE.PH.SP.002127-0.1,UHE,Usina Hidrelétrica,Operação,1999-01-22,1540000.0,1540000.0," 63 - Parana, Verde , Peixe, e outros"
Bonito,MS,Rio Formoso,CGH.PH.MS.030163-9.1,CGH,Central Geradora Hidrelétrica,Operação,1976-11-01,50.0,50.0, 66 - Alto Paraguai
Campo Grande,MS,Energia Maia Ltda,CGH.PH.MS.030049-7.1,CGH,Central Geradora Hidrelétrica,Operação,2014-09-23,600.0,600.0," 63 - Parana, Verde , Peixe, e outros"
Campo Grande,MS,Fazenda Marcela,CGH.PH.MS.030072-1.1,CGH,Central Geradora Hidrelétrica,Operação,1900-01-03,58.0,58.0," 63 - Parana, Verde , Peixe, e outros"
Cassilândia,MS,CHAPADAO,CGH.PH.MS.075209-6.1,CGH,Central Geradora Hidrelétrica,Operação,2024-06-30,4700.0,4700.0,
Cassilândia,MS,Indaiazinho  (Antiga Indaiazinho Grande),PCH.PH.MS.030079-9.1,PCH,Pequena Central Hidrelétrica,Operação,2012-05-31,12500.0,12500.0," 63 - Parana, Verde , Peixe, e outros"
Cassilândia,MS,Indaiá Grande,PCH.PH.MS.030078-0.1,PCH,Pequena Central Hidrelétrica,Operação,2012-04-26,20000.0,20000.0," 63 - Parana, Verde , Peixe, e outros"
Cassilândia,MS,Lajeado,PCH.PH.MS.031438-2.1,PCH,Pequena Central Hidrelétrica,Operação,2016-07-12,8838.0,8838.0," 63 - Parana, Verde , Peixe, e outros"
Cassilândia,MS,Planalto,PCH.PH.GO.028737-7.1,PCH,Pequena Central Hidrelétrica,Operação,2009-07-15,17000.0,17000.0, 60 - Paranaiba
Chapadão do Sul,MS,Alto Sucuriú,PCH.PH.MS.028817-9.1,PCH,Pequena Central Hidrelétrica,Operação,2008-08-06,29000.0,29000.0," 63 - Parana, Verde , Peixe, e outros"
Chapadão do Sul,MS,Aporé,CGH.PH.MS.029104-8.1,CGH,Central Geradora Hidrelétrica,Operação,1977-12-20,1000.0,1000.0, 60 - Paranaiba
Chapadão do Sul,MS,Areado,PCH.PH.MS.033893-1.1,PCH,Pequena Central Hidrelétrica,Operação,2019-10-12,18000.0,18000.0," 63 - Parana, Verde , Peixe, e outros"
Chapadão do Sul,MS,Bandeirante,PCH.PH.MS.032163-0.1,PCH,Pequena Central Hidrelétrica,Operação,2019-10-12,28000.0,28000.0," 63 - Parana, Verde , Peixe, e outros"
Chapadão do Sul,MS,Buriti,PCH.PH.MS.028753-9.1,PCH,Pequena Central Hidrelétrica,Operação,2007-02-16,30000.0,30000.0," 63 - Parana, Verde , Peixe, e outros"
Chapadão do Sul,MS,Corrego Ger,CGH.PH.MS.044877-0.1,CGH,Central Geradora Hidrelétrica,Operação,2019-05-01,4176.0,4176.0," 63 - Parana, Verde , Peixe, e outros"
Chapadão do Sul,MS,Indaiá,CGH.PH.MS.001128-2.1,CGH,Central Geradora Hidrelétrica,Operação,2026-06-30,3200.0,3200.0," 63 - Parana, Verde , Peixe, e outros"
Chapadão do Sul,MS,Lajeado,PCH.PH.MS.031438-2.1,PCH,Pequena Central Hidrelétrica,Operação,2016-07-12,8838.0,8838.0," 63 - Parana, Verde , Peixe, e outros"
Chapadão do Sul,MS,Porto das Pedras,PCH.PH.MS.028995-7.1,PCH,Pequena Central Hidrelétrica,Operação,2008-10-14,28030.0,28030.0," 63 - Parana, Verde , Peixe, e outros"
Costa Rica,MS,A,PCH.PH.MS.037568-3.1,PCH,Pequena Central Hidrelétrica,Construção não iniciada,1900-01-03,10000.0,0.0," 63 - Parana, Verde , Peixe, e outros"
Costa Rica,MS,Agropecuária São Marcos,CGH.PH.MS.030648-7.1,CGH,Central Geradora Hidrelétrica,Operação,1997-02-05,504.0,504.0," 63 - Parana, Verde , Peixe, e outros"
Costa Rica,MS,Central H. São Miguel,CGH.PH.MS.040796-8.1,CGH,Central Geradora Hidrelétrica,Operação,2018-09-08,900.0,900.0," 63 - Parana, Verde , Peixe, e outros"
Costa Rica,MS,Costa Rica,PCH.PH.MS.000872-9.1,PCH,Pequena Central Hidrelétrica,Operação,1999-01-01,16000.0,16000.0," 63 - Parana, Verde , Peixe, e outros"
Costa Rica,MS,Paraíso I,PCH.PH.MS.027587-5.1,PCH,Pequena Central Hidrelétrica,Operação,2004-02-07,21600.0,21600.0," 63 - Parana, Verde , Peixe, e outros"
Coxim,MS,Coxim,CGH.PH.MS.028167-0.1,CGH,Central Geradora Hidrelétrica,Operação,1964-01-01,400.0,400.0, 66 - Alto Paraguai
Jaraguari,MS,Santa Izabel,CGH.PH.MS.029430-6.1,CGH,Central Geradora Hidrelétrica,Operação,2013-02-01,925.0,925.0," 63 - Parana, Verde , Peixe, e outros"
Laguna Carapã,MS,Córrego São Luiz,CGH.PH.MS.029618-0.1,CGH,Central Geradora Hidrelétrica,Operação,2009-08-31,688.0,688.0," 64 - Parana, Paranapanema, Amambai e outros"
Nova Alvorada do Sul,MS,Fazenda Concórdia,CGH.PH.MS.030071-3.1,CGH,Central Geradora Hidrelétrica,Operação,1988-01-01,58.0,58.0," 64 - Parana, Paranapanema, Amambai e outros"
Paraíso das Águas,MS,Fundãozinho,PCH.PH.MS.037179-3.1,PCH,Pequena Central Hidrelétrica,Operação,2025-08-07,22000.0,22000.0," 63 - Parana, Verde , Peixe, e outros"
Ponta Porã,MS,São João I,CGH.PH.MS.026842-9.1,CGH,Central Geradora Hidrelétrica,Operação,1963-01-01,664.0,664.0," 64 - Parana, Paranapanema, Amambai e outros"
Ponta Porã,MS,São João II,CGH.PH.MS.027184-5.1,CGH,Central Geradora Hidrelétrica,Operação,1967-01-01,600.0,600.0," 64 - Parana, Paranapanema, Amambai e outros"
Ribas do Rio Pardo,MS,Assis Chateaubriand(Antiga Salto Mimoso),UHE.PH.MS.028012-7.1,UHE,Usina Hidrelétrica,Operação,1969-10-01,29500.0,29500.0," 63 - Parana, Verde , Peixe, e outros"
Ribas do Rio Pardo,MS,Miniusina Fazenda Alecrim,CGH.PH.MS.045157-6.1,CGH,Central Geradora Hidrelétrica,Operação,1982-06-10,1000.0,1000.0," 63 - Parana, Verde , Peixe, e outros"
Ribas do Rio Pardo,MS,São Domingos,UHE.PH.MS.028761-0.1,UHE,Usina Hidrelétrica,Operação,2013-06-14,48000.0,48000.0," 63 - Parana, Verde , Peixe, e outros"
Ribas do Rio Pardo,MS,Verde 4,PCH.PH.MS.029260-5.1,PCH,Pequena Central Hidrelétrica,Operação,2019-01-18,19000.0,19000.0," 63 - Parana, Verde , Peixe, e outros"
Ribas do Rio Pardo,MS,Verde 4A,PCH.PH.MS.029261-3.1,PCH,Pequena Central Hidrelétrica,Operação,2018-02-07,28000.0,28000.0," 63 - Parana, Verde , Peixe, e outros"
Santa Rita do Pardo,MS,INDAIÁ - Córrego Desbarrancado,CGH.PH.MS.038339-2.1,CGH,Central Geradora Hidrelétrica,Operação,1992-03-19,20.0,20.0," 63 - Parana, Verde , Peixe, e outros"
Selvíria,MS,Ilha Solteira,UHE.PH.SP.001120-7.1,UHE,Usina Hidrelétrica,Operação,1973-07-18,3444000.0,3444000.0," 62 - Parana, Tiete e outros"
Sonora,MS,Aquarius,CGH.PH.MS.000859-1.2,CGH,Central Geradora Hidrelétrica,Operação,2006-09-19,4500.0,4500.0, 66 - Alto Paraguai
Sonora,MS,Ponte de Pedra,UHE.PH.MT.002103-2.1,UHE,Usina Hidrelétrica,Operação,2005-07-19,176100.0,176100.0, 66 - Alto Paraguai
Sonora,MS,Santa Gabriela,PCH.PH.MT.028996-5.1,PCH,Pequena Central Hidrelétrica,Operação,2009-09-18,24000.0,24000.0, 66 - Alto Paraguai
São Gabriel do Oeste,MS,Bela Miragem,CGH.PH.MS.030451-4.1,CGH,Central Geradora Hidrelétrica,Operação,2011-03-01,225.0,225.0, 66 - Alto Paraguai
São Gabriel do Oeste,MS,Ponte Alta,PCH.PH.MS.029013-0.1,PCH,Pequena Central Hidrelétrica,Operação,2007-06-05,13000.0,13000.0, 66 - Alto Paraguai
Três Lagoas,MS,Jupiá (Eng° Souza Dias),UHE.PH.SP.001282-3.1,UHE,Usina Hidrelétrica,Operação,1969-04-14,1551200.0,1551200.0," 63 - Parana, Verde , Peixe, e outros"
Água Clara,MS,Alto Sucuriú,PCH.PH.MS.028817-9.1,PCH,Pequena Central Hidrelétrica,Operação,2008-08-06,29000.0,29000.0," 63 - Parana, Verde , Peixe, e outros"
Água Clara,MS,Bandeirante,PCH.PH.MS.032163-0.1,PCH,Pequena Central Hidrelétrica,Operação,2019-10-12,28000.0,28000.0," 63 - Parana, Verde , Peixe, e outros"
Água Clara,MS,Buriti,PCH.PH.MS.028753-9.1,PCH,Pequena Central Hidrelétrica,Operação,2007-02-16,30000.0,30000.0," 63 - Parana, Verde , Peixe, e outros"
Água Clara,MS,Porto das Pedras,PCH.PH.MS.028995-7.1,PCH,Pequena Central Hidrelétrica,Operação,2008-10-14,28030.0,28030.0," 63 - Parana, Verde , Peixe, e outros"
Água Clara,MS,São Domingos,UHE.PH.MS.028761-0.1,UHE,Usina Hidrelétrica,Operação,2013-06-14,48000.0,48000.0," 63 - Parana, Verde , Peixe, e outros"
Água Clara,MS,Verde 4,PCH.PH.MS.029260-5.1,PCH,Pequena Central Hidrelétrica,Operação,2019-01-18,19000.0,19000.0," 63 - Parana, Verde , Peixe, e outros"
Água Clara,MS,Verde 4A,PCH.PH.MS.029261-3.1,PCH,Pequena Central Hidrelétrica,Operação,2018-02-07,28000.0,28000.0," 63 - Parana, Verde , Peixe, e outros"
Alta Floresta,MT,Cabeça de Boi,PCH.PH.MT.029733-0.1,PCH,Pequena Central Hidrelétrica,Operação,2016-11-05,30000.0,30000.0, 17 - Tapajos
Alta Floresta,MT,Da Fazenda,PCH.PH.MT.029734-8.1,PCH,Pequena Central Hidrelétrica,Operação,2016-09-22,27000.0,27000.0, 17 - Tapajos
Alta Floresta,MT,Salto Apiacás,UHE.PH.MT.031401-3.1,UHE,Usina Hidrelétrica,Operação,2016-09-17,45000.0,45000.0, 17 - Tapajos
Alto Araguaia,MT,Alto Araguaia,PCH.PH.MT.000066-3.1,PCH,Pequena Central Hidrelétrica,Operação,1968-06-01,800.0,800.0, 24 - Alto Araguaia e rio Claro
Alto Araguaia,MT,Alto Garças,CGH.PH.MT.032265-2.1,CGH,Central Geradora Hidrelétrica,Operação,2015-02-03,1000.0,1000.0, 24 - Alto Araguaia e rio Claro
Alto Araguaia,MT,Araguaia,CGH.PH.MT.032204-0.1,CGH,Central Geradora Hidrelétrica,Operação,2015-01-18,1000.0,1000.0, 24 - Alto Araguaia e rio Claro
Alto Araguaia,MT,Araguainha,CGH.PH.MT.031625-3.1,CGH,Central Geradora Hidrelétrica,Operação,2014-07-01,1000.0,1000.0, 24 - Alto Araguaia e rio Claro
Alto Garças,MT,Cachoeira da Onça,CGH.PH.MT.000074-4.1,CGH,Central Geradora Hidrelétrica,Operação,1982-09-01,360.0,360.0, 24 - Alto Araguaia e rio Claro
Alto Paraguai,MT,Alto Paraguai (Pedro Pedrossian),PCH.PH.MT.000078-7.1,PCH,Pequena Central Hidrelétrica,Operação,1970-01-01,1680.0,1680.0, 66 - Alto Paraguai
Alto Taquari,MT,Lajari,PCH.PH.MT.033386-7.1,PCH,Pequena Central Hidrelétrica,Operação,2019-05-10,20880.0,20880.0, 66 - Alto Paraguai
Araputanga,MT,Antônio Brennand (Antiga  Alto Jauru),PCH.PH.MT.000077-9.1,PCH,Pequena Central Hidrelétrica,Operação,2002-09-13,21960.0,21960.0, 66 - Alto Paraguai
Araputanga,MT,Ombreiras,PCH.PH.MT.027216-7.1,PCH,Pequena Central Hidrelétrica,Operação,2005-07-25,26000.0,26000.0, 66 - Alto Paraguai
Aripuanã,MT,Aripuanã,UHE.PH.MT.027417-8.2,UHE,Usina Hidrelétrica,Operação,1987-08-01,800.0,800.0, 15 - Madeira
Aripuanã,MT,Dardanelos,UHE.PH.MT.029597-3.1,UHE,Usina Hidrelétrica,Operação,2011-08-09,261000.0,261000.0, 15 - Madeira
Aripuanã,MT,Faxinal I,CGH.PH.MT.000935-0.2,CGH,Central Geradora Hidrelétrica,Operação,1997-03-01,2788.0,2788.0, 15 - Madeira
Aripuanã,MT,Faxinal II,PCH.PH.MT.028780-6.1,PCH,Pequena Central Hidrelétrica,Operação,2005-11-22,30000.0,30000.0, 15 - Madeira
Barra do Bugres,MT,Caramujo,CGH.PH.MT.032151-6.2,CGH,Central Geradora Hidrelétrica,Operação,2019-10-01,3520.8,3520.0, 66 - Alto Paraguai
Barra do Bugres,MT,Graça Brennand (Antiga Terra Santa),PCH.PH.MT.029367-9.1,PCH,Pequena Central Hidrelétrica,Operação,2008-06-28,27400.0,27400.0, 66 - Alto Paraguai
Barra do Bugres,MT,Juba I,UHE.PH.MT.001268-8.1,UHE,Usina Hidrelétrica,Operação,1995-11-10,42000.0,42000.0, 66 - Alto Paraguai
Barra do Bugres,MT,Juba II,UHE.PH.MT.001269-6.1,UHE,Usina Hidrelétrica,Operação,1995-08-16,42000.0,42000.0, 66 - Alto Paraguai
Barra do Bugres,MT,Jubinha III,PCH.PH.MT.029257-5.1,PCH,Pequena Central Hidrelétrica,Construção não iniciada,1900-01-03,4080.0,0.0, 66 - Alto Paraguai
Barra do Bugres,MT,Pampeana,PCH.PH.MT.029376-8.1,PCH,Pequena Central Hidrelétrica,Operação,2009-05-14,28000.0,28000.0, 66 - Alto Paraguai
Brasnorte,MT,Bocaiúva,PCH.PH.MT.029184-6.1,PCH,Pequena Central Hidrelétrica,Operação,2010-06-24,30000.0,30000.0, 17 - Tapajos
Brasnorte,MT,Córrego Santa Cruz,CGH.PH.MT.029518-3.1,CGH,Central Geradora Hidrelétrica,Operação,2010-10-30,1000.0,1000.0, 17 - Tapajos
Brasnorte,MT,Itapiranga,CGH.PH.MT.030645-2.1,CGH,Central Geradora Hidrelétrica,Operação,1994-04-01,160.0,160.0, 17 - Tapajos
Brasnorte,MT,Sacre II,PCH.PH.MT.028796-2.1,PCH,Pequena Central Hidrelétrica,Operação,2006-09-14,30000.0,30000.0, 17 - Tapajos
Campinápolis,MT,Paranatinga II,PCH.PH.MT.028832-2.1,PCH,Pequena Central Hidrelétrica,Operação,2008-02-12,29020.0,29020.0, 18 - Xingu e Paru
Campo Novo do Parecis,MT,Bacuri,PCH.PH.MT.035435-0.1,PCH,Pequena Central Hidrelétrica,Construção não iniciada,1900-01-03,15000.0,0.0, 17 - Tapajos
Campo Novo do Parecis,MT,Baruíto,PCH.PH.MT.000233-0.2,PCH,Pequena Central Hidrelétrica,Operação,2003-04-29,18000.0,18000.0, 17 - Tapajos
Campo Novo do Parecis,MT,Garganta da Jararaca,PCH.PH.MT.028918-3.1,PCH,Pequena Central Hidrelétrica,Operação,2006-11-28,29300.0,29300.0, 17 - Tapajos
Campo Novo do Parecis,MT,Inxú,PCH.PH.MT.030642-8.1,PCH,Pequena Central Hidrelétrica,Operação,2016-06-30,21800.0,21800.0, 17 - Tapajos
Campo Novo do Parecis,MT,Seis Lagoas,CGH.PH.MT.030165-5.1,CGH,Central Geradora Hidrelétrica,Operação,1900-01-03,480.0,480.0, 17 - Tapajos
Campos de Júlio,MT,Cidezal,PCH.PH.MT.028836-5.1,PCH,Pequena Central Hidrelétrica,Operação,2011-06-25,17000.0,17000.0, 17 - Tapajos
Campos de Júlio,MT,Divisa,PCH.PH.MT.029048-3.1,PCH,Pequena Central Hidrelétrica,Operação,2011-11-09,10800.0,10800.0, 17 - Tapajos
Campos de Júlio,MT,Ilha Comprida,PCH.PH.MT.028835-7.1,PCH,Pequena Central Hidrelétrica,Operação,2013-07-04,20160.0,20160.0, 17 - Tapajos
Campos de Júlio,MT,Jesuíta,PCH.PH.MT.028818-7.1,PCH,Pequena Central Hidrelétrica,Operação,2023-04-28,22302.0,22302.0, 17 - Tapajos
Campos de Júlio,MT,Juruena,UHE.PH.MT.040733-0.1,UHE,Usina Hidrelétrica,Operação,2025-09-03,49998.0,49998.0, 17 - Tapajos
Campos de Júlio,MT,Juí 117,PCH.PH.MT.034966-6.1,PCH,Pequena Central Hidrelétrica,Operação,2019-12-17,25000.0,25000.0, 17 - Tapajos
Campos de Júlio,MT,Masutti,CGH.PH.MT.001447-8.1,CGH,Central Geradora Hidrelétrica,Operação,1995-02-20,850.0,850.0, 17 - Tapajos
Campos de Júlio,MT,Parecis,PCH.PH.MT.028819-5.1,PCH,Pequena Central Hidrelétrica,Operação,2011-07-06,15400.0,15400.0, 17 - Tapajos
Campos de Júlio,MT,Rondon,PCH.PH.MT.002547-0.1,PCH,Pequena Central Hidrelétrica,Operação,2011-08-06,13000.0,13000.0, 17 - Tapajos
Campos de Júlio,MT,Santa Luzia (Antiga Presente de Deus),PCH.PH.MT.030239-2.1,PCH,Pequena Central Hidrelétrica,Construção não iniciada,1900-01-03,13403.0,0.0, 17 - Tapajos
Campos de Júlio,MT,Santo Antônio (Antiga Comodoro),PCH.PH.MT.030255-4.1,PCH,Pequena Central Hidrelétrica,Construção não iniciada,1900-01-03,10307.0,0.0, 17 - Tapajos
Campos de Júlio,MT,Sapezal,PCH.PH.MT.028821-7.1,PCH,Pequena Central Hidrelétrica,Operação,2011-06-23,16000.0,16000.0, 17 - Tapajos
Campos de Júlio,MT,Segredo,PCH.PH.MT.028822-5.1,PCH,Pequena Central Hidrelétrica,Operação,2013-04-25,26118.0,26118.0, 17 - Tapajos
Campos de Júlio,MT,Telegráfica,PCH.PH.MT.028820-9.1,PCH,Pequena Central Hidrelétrica,Operação,2011-08-27,30000.0,30000.0, 17 - Tapajos
Canarana,MT,Cocal (75 Kw),CGH.PH.MT.060148-9.1,CGH,Central Geradora Hidrelétrica,Operação,2017-07-05,56.25,56.0, 18 - Xingu e Paru
Chapada dos Guimarães,MT,Casca II,PCH.PH.MT.027110-1.1,PCH,Pequena Central Hidrelétrica,Operação,1954-06-01,3520.0,3520.0, 66 - Alto Paraguai
Chapada dos Guimarães,MT,Casca III,PCH.PH.MT.000688-2.3,PCH,Pequena Central Hidrelétrica,Operação,1970-01-01,12420.0,12420.0, 66 - Alto Paraguai
Chapada dos Guimarães,MT,Manso,UHE.PH.MT.001401-0.1,UHE,Usina Hidrelétrica,Operação,2000-11-29,210000.0,210000.0, 66 - Alto Paraguai
Cláudia,MT,Sinop,UHE.PH.MT.031428-5.1,UHE,Usina Hidrelétrica,Operação,2019-09-17,401880.0,401880.0, 17 - Tapajos
Comodoro,MT,Cabixi I,CGH.PH.RO.027042-3.1,CGH,Central Geradora Hidrelétrica,Operação,1995-01-21,2700.0,2700.0, 15 - Madeira
Comodoro,MT,Cabixi II,PCH.PH.MT.028482-3.1,PCH,Pequena Central Hidrelétrica,Operação,2002-08-12,2800.0,2800.0, 15 - Madeira
Comodoro,MT,Esperança,PCH.PH.MT.030042-0.1,PCH,Pequena Central Hidrelétrica,Operação,2012-09-27,2400.0,2400.0, 15 - Madeira
Comodoro,MT,Miranda Estância,CGH.PH.MT.030227-9.1,CGH,Central Geradora Hidrelétrica,Operação,2009-12-16,1940.0,1940.0, 15 - Madeira
Comodoro,MT,Rio Margarida 2,CGH.PH.MT.001414-1.1,CGH,Central Geradora Hidrelétrica,Operação,1995-05-20,395.25,395.0, 15 - Madeira
Comodoro,MT,Rio Prata,PCH.PH.MT.027274-4.1,PCH,Pequena Central Hidrelétrica,Operação,1994-09-30,2135.0,2135.0, 15 - Madeira
Comodoro,MT,Santa Luzia (Antiga Presente de Deus),PCH.PH.MT.030239-2.1,PCH,Pequena Central Hidrelétrica,Construção não iniciada,1900-01-03,13403.0,0.0, 17 - Tapajos
Comodoro,MT,Santo Antônio (Antiga Comodoro),PCH.PH.MT.030255-4.1,PCH,Pequena Central Hidrelétrica,Construção não iniciada,1900-01-03,10307.0,0.0, 17 - Tapajos
Conquista D'Oeste,MT,CONRADO HEITOR DE QUEIROZ/KAMAMULTDA,CGH.PH.MT.000816-8.1,CGH,Central Geradora Hidrelétrica,Operação,1998-02-16,800.0,800.0, 15 - Madeira
Conquista D'Oeste,MT,Fazenda Dois Irmãos - Córrego Seixas,CGH.PH.MT.031904-0.1,CGH,Central Geradora Hidrelétrica,Operação,2014-09-29,680.0,680.0, 15 - Madeira
Conquista D'Oeste,MT,Fazenda Galera 1,CGH.PH.MT.000944-0.1,CGH,Central Geradora Hidrelétrica,Operação,1984-04-17,154.0,154.0, 15 - Madeira
Conquista D'Oeste,MT,Galera Centrais Eletricas 1a,CGH.PH.MT.027213-2.1,CGH,Central Geradora Hidrelétrica,Operação,1997-09-23,768.0,768.0, 15 - Madeira
Cuiabá,MT,Guimarães 02,CGH.PH.MT.072970-1.1,CGH,Central Geradora Hidrelétrica,Operação,2023-08-16,2020.2,2020.0, 66 - Alto Paraguai
Diamantino,MT,Diamantino (Antiga Sumidouro),PCH.PH.MT.037329-0.1,PCH,Pequena Central Hidrelétrica,Construção não iniciada,1900-01-03,13300.0,0.0, 17 - Tapajos
Diamantino,MT,Matrinchã,PCH.PH.MT.035325-6.1,PCH,Pequena Central Hidrelétrica,Construção não iniciada,1900-01-03,20000.0,0.0, 17 - Tapajos
Diamantino,MT,Rio Claro (Antiga Perdidos),PCH.PH.MT.037328-1.1,PCH,Pequena Central Hidrelétrica,Operação,2022-11-26,28000.0,28000.0, 17 - Tapajos
Figueirópolis d'Oeste,MT,Figueirópolis,PCH.PH.MT.029145-5.1,PCH,Pequena Central Hidrelétrica,Operação,2010-09-28,19410.0,19410.0, 66 - Alto Paraguai
Gaúcha do Norte,MT,São Carlos,CGH.PH.MT.030128-0.1,CGH,Central Geradora Hidrelétrica,Operação,2005-09-01,220.0,220.0, 17 - Tapajos
Guarantã do Norte,MT,Braço Norte,PCH.PH.MT.027112-8.1,PCH,Pequena Central Hidrelétrica,Operação,1986-06-01,5180.0,5180.0, 17 - Tapajos
Guarantã do Norte,MT,Braço Norte II,PCH.PH.MT.002832-0.1,PCH,Pequena Central Hidrelétrica,Operação,1998-04-06,16252.0,10752.0, 17 - Tapajos
Guarantã do Norte,MT,Braço Norte III,PCH.PH.MT.027176-4.1,PCH,Pequena Central Hidrelétrica,Operação,2003-10-03,14160.0,14160.0, 17 - Tapajos
Guarantã do Norte,MT,Braço Norte IV,PCH.PH.MT.028772-5.1,PCH,Pequena Central Hidrelétrica,Operação,2007-11-08,14000.0,14000.0, 17 - Tapajos
Guarantã do Norte,MT,Braço Sul,PCH.PH.MT.037888-7.1,PCH,Pequena Central Hidrelétrica,Operação,2026-06-17,9500.0,9500.0, 17 - Tapajos
Guarantã do Norte,MT,Cachimbo,PCH.PH.MT.037886-0.1,PCH,Pequena Central Hidrelétrica,Construção não iniciada,1900-01-03,9500.0,0.0, 17 - Tapajos
Indiavaí,MT,Figueirópolis,PCH.PH.MT.029145-5.1,PCH,Pequena Central Hidrelétrica,Operação,2010-09-28,19410.0,19410.0, 66 - Alto Paraguai
Indiavaí,MT,Indiavaí,PCH.PH.MT.027370-8.1,PCH,Pequena Central Hidrelétrica,Operação,2003-08-01,28000.0,28000.0, 66 - Alto Paraguai
Indiavaí,MT,Jauru,UHE.PH.MT.001245-9.1,UHE,Usina Hidrelétrica,Operação,2003-06-06,121500.0,121500.0, 66 - Alto Paraguai
Indiavaí,MT,Salto,PCH.PH.MT.028203-0.1,PCH,Pequena Central Hidrelétrica,Operação,2007-12-29,19000.0,19000.0, 66 - Alto Paraguai
Itaúba,MT,ITAUBÁ,CGH.PH.MT.035614-0.1,CGH,Central Geradora Hidrelétrica,Operação,1974-01-20,280.5,280.0, 17 - Tapajos
Itaúba,MT,NOVA FRONTEIRA,CGH.PH.MT.076409-4.1,CGH,Central Geradora Hidrelétrica,Operação,2023-02-01,297.5,297.0,
Itaúba,MT,Sinop,UHE.PH.MT.031428-5.1,UHE,Usina Hidrelétrica,Operação,2019-09-17,401880.0,401880.0, 17 - Tapajos
Itiquira,MT,Itiquira (Casas de Forças  I e  II),UHE.PH.MT.027244-2.1,UHE,Usina Hidrelétrica,Operação,2002-11-06,157370.0,157370.0, 66 - Alto Paraguai
Itiquira,MT,Michelin,CGH.PH.MT.029295-8.1,CGH,Central Geradora Hidrelétrica,Operação,1986-02-20,96.0,96.0, 66 - Alto Paraguai
Itiquira,MT,Ponte de Pedra,UHE.PH.MT.002103-2.1,UHE,Usina Hidrelétrica,Operação,2005-07-19,176100.0,176100.0, 66 - Alto Paraguai
Itiquira,MT,SM-01,CGH.PH.MT.029210-9.1,CGH,Central Geradora Hidrelétrica,Operação,1984-11-13,800.0,800.0, 66 - Alto Paraguai
Itiquira,MT,SM-06,CGH.PH.MT.029208-7.1,CGH,Central Geradora Hidrelétrica,Operação,1984-11-29,264.0,264.0, 66 - Alto Paraguai
Itiquira,MT,Santa Gabriela,PCH.PH.MT.028996-5.1,PCH,Pequena Central Hidrelétrica,Operação,2009-09-18,24000.0,24000.0, 66 - Alto Paraguai
Jaciara,MT,Cachoeira da Fumaça,CGH.PH.MT.027473-9.4,CGH,Central Geradora Hidrelétrica,Operação,1975-04-22,2880.0,2880.0, 66 - Alto Paraguai
Jaciara,MT,Cambará,CGH.PH.MT.030813-7.2,CGH,Central Geradora Hidrelétrica,Operação,2012-12-21,3499.2,3499.0, 66 - Alto Paraguai
Jaciara,MT,Embaúba,CGH.PH.MT.030814-5.2,CGH,Central Geradora Hidrelétrica,Operação,2012-08-25,4500.0,4500.0, 66 - Alto Paraguai
Jaciara,MT,Pequi,PCH.PH.MT.028838-1.1,PCH,Pequena Central Hidrelétrica,Operação,2008-12-05,6000.0,6000.0, 66 - Alto Paraguai
Jaciara,MT,Sucupira,CGH.PH.MT.028837-3.2,CGH,Central Geradora Hidrelétrica,Operação,2008-10-17,4500.0,4500.0, 66 - Alto Paraguai
Jaciara,MT,Água Brava,PCH.PH.MT.029045-9.1,PCH,Pequena Central Hidrelétrica,Operação,2019-04-27,13050.0,13050.0, 66 - Alto Paraguai
Jaciara,MT,Água Clara,CGH.PH.MT.029042-4.2,CGH,Central Geradora Hidrelétrica,Operação,2022-10-26,4000.0,4000.0, 66 - Alto Paraguai
Jaciara,MT,Água Prata,PCH.PH.MT.029044-0.1,PCH,Pequena Central Hidrelétrica,Operação,2017-08-05,13300.0,13300.0, 66 - Alto Paraguai
Jauru,MT,Indiavaí,PCH.PH.MT.027370-8.1,PCH,Pequena Central Hidrelétrica,Operação,2003-08-01,28000.0,28000.0, 66 - Alto Paraguai
Jauru,MT,Jauru,UHE.PH.MT.001245-9.1,UHE,Usina Hidrelétrica,Operação,2003-06-06,121500.0,121500.0, 66 - Alto Paraguai
Jauru,MT,Ombreiras,PCH.PH.MT.027216-7.1,PCH,Pequena Central Hidrelétrica,Operação,2005-07-25,26000.0,26000.0, 66 - Alto Paraguai
Jauru,MT,Salto,PCH.PH.MT.028203-0.1,PCH,Pequena Central Hidrelétrica,Operação,2007-12-29,19000.0,19000.0, 66 - Alto Paraguai
Juscimeira,MT,Beleza,PCH.PH.MT.037309-5.1,PCH,Pequena Central Hidrelétrica,Operação,2020-08-07,6500.0,6500.0, 66 - Alto Paraguai
Juscimeira,MT,Sete Quedas Alta,PCH.PH.MT.028853-5.1,PCH,Pequena Central Hidrelétrica,Operação,2010-12-28,22000.0,22000.0, 66 - Alto Paraguai
Juscimeira,MT,São Lourenço (Antiga Zé Fernando),PCH.PH.MT.028825-0.1,PCH,Pequena Central Hidrelétrica,Operação,2009-04-28,29988.0,29988.0, 66 - Alto Paraguai
Juscimeira,MT,Água Brava,PCH.PH.MT.029045-9.1,PCH,Pequena Central Hidrelétrica,Operação,2019-04-27,13050.0,13050.0, 66 - Alto Paraguai
Juscimeira,MT,Água Clara,CGH.PH.MT.029042-4.2,CGH,Central Geradora Hidrelétrica,Operação,2022-10-26,4000.0,4000.0, 66 - Alto Paraguai
Juscimeira,MT,Água Prata,PCH.PH.MT.029044-0.1,PCH,Pequena Central Hidrelétrica,Operação,2017-08-05,13300.0,13300.0, 66 - Alto Paraguai
Juína,MT,Juína,PCH.PH.MT.028168-9.1,PCH,Pequena Central Hidrelétrica,Operação,1993-10-01,5300.0,5300.0, 15 - Madeira
Lucas do Rio Verde,MT,Aprovale - Associação Dos Produtores Do Vale Do Cedro,CGH.PH.MT.000120-1.1,CGH,Central Geradora Hidrelétrica,Operação,2019-12-10,2600.0,2600.0, 17 - Tapajos
Lucas do Rio Verde,MT,Canoa Quebrada,PCH.PH.MT.000646-7.1,PCH,Pequena Central Hidrelétrica,Operação,2006-12-13,28000.0,28000.0, 17 - Tapajos
Lucas do Rio Verde,MT,Foz do Cedro (Antiga A1E8),PCH.PH.MT.034560-1.1,PCH,Pequena Central Hidrelétrica,Operação,2022-11-30,24000.0,24000.0, 17 - Tapajos
Nortelândia,MT,Diamante,CGH.PH.MT.000607-6.1,CGH,Central Geradora Hidrelétrica,Operação,2005-12-29,4050.0,4050.0, 66 - Alto Paraguai
Nortelândia,MT,Santana I,PCH.PH.MT.028971-0.1,PCH,Pequena Central Hidrelétrica,Operação,2012-04-26,14758.0,14758.0, 66 - Alto Paraguai
Nova Canaã do Norte,MT,Colíder,UHE.PH.MT.030422-0.1,UHE,Usina Hidrelétrica,Operação,2019-03-09,300000.0,300000.0, 17 - Tapajos
Nova Lacerda,MT,MAX-01 (Nova Lacerda),CGH.PH.MT.029696-1.1,CGH,Central Geradora Hidrelétrica,Operação,2015-01-21,2500.0,2500.0, 15 - Madeira
Nova Lacerda,MT,Salto Corgão,PCH.PH.MT.027326-0.1,PCH,Pequena Central Hidrelétrica,Operação,2005-06-29,27000.0,27000.0, 15 - Madeira
Nova Lacerda,MT,Saxão,CGH.PH.MT.029897-2.1,CGH,Central Geradora Hidrelétrica,Operação,1900-01-03,520.0,520.0, 15 - Madeira
Nova Marilândia,MT,Maracanã,PCH.PH.MT.030185-0.1,PCH,Pequena Central Hidrelétrica,Operação,2013-08-20,10500.0,10500.0, 66 - Alto Paraguai
Nova Maringá,MT,DUAS PONTES,CGH.PH.MT.075561-3.1,CGH,Central Geradora Hidrelétrica,Operação,2023-11-27,1000.0,1000.0,
Nova Maringá,MT,Inxú,PCH.PH.MT.030642-8.1,PCH,Pequena Central Hidrelétrica,Operação,2016-06-30,21800.0,21800.0, 17 - Tapajos
Nova Monte Verde,MT,Cabeça de Boi,PCH.PH.MT.029733-0.1,PCH,Pequena Central Hidrelétrica,Operação,2016-11-05,30000.0,30000.0, 17 - Tapajos
Nova Monte Verde,MT,Da Fazenda,PCH.PH.MT.029734-8.1,PCH,Pequena Central Hidrelétrica,Operação,2016-09-22,27000.0,27000.0, 17 - Tapajos
Nova Mutum,MT,Nova Mutum,PCH.PH.MT.031042-5.1,PCH,Pequena Central Hidrelétrica,Operação,2014-11-26,14000.0,14000.0, 17 - Tapajos
Nova Ubiratã,MT,ARS,PCH.PH.MT.000161-9.1,PCH,Pequena Central Hidrelétrica,Operação,2009-08-07,6660.0,6660.0, 18 - Xingu e Paru
Novo Mundo,MT,Braço Norte III,PCH.PH.MT.027176-4.1,PCH,Pequena Central Hidrelétrica,Operação,2003-10-03,14160.0,14160.0, 17 - Tapajos
Novo Mundo,MT,Braço Norte IV,PCH.PH.MT.028772-5.1,PCH,Pequena Central Hidrelétrica,Operação,2007-11-08,14000.0,14000.0, 17 - Tapajos
Novo Mundo,MT,Nhandu,PCH.PH.MT.028000-3.1,PCH,Pequena Central Hidrelétrica,Construção,1900-01-03,13000.0,0.0, 17 - Tapajos
Novo Mundo,MT,Rochedo,PCH.PH.MT.028001-1.1,PCH,Pequena Central Hidrelétrica,Construção,1900-01-03,9000.0,0.0, 17 - Tapajos
Novo São Joaquim,MT,Desiderio,CGH.PH.MT.030374-7.1,CGH,Central Geradora Hidrelétrica,Operação,2009-08-15,996.0,996.0," 26 - Araguaia, trecho da ilha Bananal"
Novo São Joaquim,MT,Dona Assunta,CGH.PH.MT.000040-0.2,CGH,Central Geradora Hidrelétrica,Operação,1994-06-01,1900.0,1900.0," 26 - Araguaia, trecho da ilha Bananal"
Novo São Joaquim,MT,Itaquerê I,CGH.PH.MT.028056-9.1,CGH,Central Geradora Hidrelétrica,Operação,1984-06-15,72.0,72.0," 26 - Araguaia, trecho da ilha Bananal"
Novo São Joaquim,MT,Itaquerê II,CGH.PH.MT.028057-7.1,CGH,Central Geradora Hidrelétrica,Operação,1985-05-10,112.0,112.0," 26 - Araguaia, trecho da ilha Bananal"
Novo São Joaquim,MT,Matula,CGH.PH.MT.030614-2.1,CGH,Central Geradora Hidrelétrica,Operação,2011-05-01,80.0,80.0," 26 - Araguaia, trecho da ilha Bananal"
Novo São Joaquim,MT,Noidore,CGH.PH.MT.028899-3.1,CGH,Central Geradora Hidrelétrica,Operação,2002-04-30,1000.0,1000.0," 26 - Araguaia, trecho da ilha Bananal"
Novo São Joaquim,MT,Salto Belo,CGH.PH.MT.002581-0.2,CGH,Central Geradora Hidrelétrica,Operação,1996-01-01,4000.0,4000.0,
Paranatinga,MT,Corredeira do Noronha,CGH.PH.MT.028689-3.1,CGH,Central Geradora Hidrelétrica,Operação,1900-01-03,340.0,340.0, 18 - Xingu e Paru
Paranatinga,MT,Culuene,PCH.PH.MT.027111-0.1,PCH,Pequena Central Hidrelétrica,Operação,1985-06-01,1790.0,1790.0, 18 - Xingu e Paru
Paranatinga,MT,José Carlos Guimarães,CGH.PH.MT.031003-4.1,CGH,Central Geradora Hidrelétrica,Operação,1986-03-15,660.0,660.0, 18 - Xingu e Paru
Paranatinga,MT,Ronuro,CGH.PH.MT.002550-0.3,CGH,Central Geradora Hidrelétrica,Operação,1994-01-01,712.4,712.0, 18 - Xingu e Paru
Paranatinga,MT,Santiago Fazenda Agrochapada,CGH.PH.MT.040814-0.1,CGH,Central Geradora Hidrelétrica,Operação,2014-03-25,1350.0,1350.0, 18 - Xingu e Paru
Paranaíta,MT,São Manoel,UHE.PH.PA.031444-7.1,UHE,Usina Hidrelétrica,Operação,2017-12-28,700000.0,700000.0, 17 - Tapajos
Paranaíta,MT,Teles Pires,UHE.PH.PA.030557-0.1,UHE,Usina Hidrelétrica,Operação,2015-11-07,1819800.0,1819800.0, 17 - Tapajos
Pedra Preta,MT,Engenheiro José Gelásio da Rocha,PCH.PH.MT.028845-4.1,PCH,Pequena Central Hidrelétrica,Operação,2007-02-17,24435.0,24435.0, 66 - Alto Paraguai
Pontes e Lacerda,MT,Guaporé,UHE.PH.MT.001066-9.1,UHE,Usina Hidrelétrica,Operação,2003-04-08,120000.0,120000.0, 15 - Madeira
Pontes e Lacerda,MT,Nova Guaporé,PCH.PH.MT.034705-1.1,PCH,Pequena Central Hidrelétrica,Operação,2022-09-03,14000.0,14000.0, 15 - Madeira
Pontes e Lacerda,MT,Otacílio Lucion,PCH.PH.MT.045075-8.1,PCH,Pequena Central Hidrelétrica,Construção não iniciada,1900-01-03,19000.0,0.0, 15 - Madeira
Porto dos Gaúchos,MT,Rancho Fundo,CGH.PH.MT.029982-0.1,CGH,Central Geradora Hidrelétrica,Operação,2017-05-25,167.4,167.0, 17 - Tapajos
Poxoréo,MT,Poxoréo (José Fragelli),PCH.PH.MT.027416-0.1,PCH,Pequena Central Hidrelétrica,Operação,1976-06-01,1200.0,1200.0, 66 - Alto Paraguai
Poxoréo,MT,Primavera,PCH.PH.MT.002155-5.1,PCH,Pequena Central Hidrelétrica,Operação,1995-12-01,8120.0,8120.0," 26 - Araguaia, trecho da ilha Bananal"
Primavera do Leste,MT,Culuene,PCH.PH.MT.027111-0.1,PCH,Pequena Central Hidrelétrica,Operação,1985-06-01,1790.0,1790.0, 18 - Xingu e Paru
Primavera do Leste,MT,Primavera,PCH.PH.MT.002155-5.1,PCH,Pequena Central Hidrelétrica,Operação,1995-12-01,8120.0,8120.0," 26 - Araguaia, trecho da ilha Bananal"
Primavera do Leste,MT,Pucon 2,PCH.PH.MT.034030-8.1,PCH,Pequena Central Hidrelétrica,Construção não iniciada,1900-01-03,7100.0,0.0, 18 - Xingu e Paru
Querência,MT,Cocal (75 Kw),CGH.PH.MT.060148-9.1,CGH,Central Geradora Hidrelétrica,Operação,2017-07-05,56.25,56.0, 18 - Xingu e Paru
Rondonópolis,MT,Engenheiro José Gelásio da Rocha,PCH.PH.MT.028845-4.1,PCH,Pequena Central Hidrelétrica,Operação,2007-02-17,24435.0,24435.0, 66 - Alto Paraguai
Rondonópolis,MT,Rondonópolis,PCH.PH.MT.028848-9.1,PCH,Pequena Central Hidrelétrica,Operação,2007-12-12,26600.0,26600.0, 66 - Alto Paraguai
Rosário Oeste,MT,Fazenda São José,CGH.PH.MT.028640-0.1,CGH,Central Geradora Hidrelétrica,Operação,1900-01-03,120.0,120.0, 66 - Alto Paraguai
Rosário Oeste,MT,Manso,UHE.PH.MT.001401-0.1,UHE,Usina Hidrelétrica,Operação,2000-11-29,210000.0,210000.0, 66 - Alto Paraguai
Salto do Céu,MT,Caramujo,CGH.PH.MT.032151-6.2,CGH,Central Geradora Hidrelétrica,Operação,2019-10-01,3520.8,3520.0, 66 - Alto Paraguai
Santo Antônio do Leste,MT,Dona Assunta,CGH.PH.MT.000040-0.2,CGH,Central Geradora Hidrelétrica,Operação,1994-06-01,1900.0,1900.0," 26 - Araguaia, trecho da ilha Bananal"
Santo Antônio do Leste,MT,Rio Suspiro,CGH.PH.MT.029517-5.1,CGH,Central Geradora Hidrelétrica,Operação,2010-10-30,1000.0,1000.0," 26 - Araguaia, trecho da ilha Bananal"
Santo Antônio do Leverger,MT,Glória,CGH.PH.MT.031142-1.1,CGH,Central Geradora Hidrelétrica,Operação,2013-02-01,1000.0,1000.0, 66 - Alto Paraguai
Santo Antônio do Leverger,MT,Guimarães 02,CGH.PH.MT.072970-1.1,CGH,Central Geradora Hidrelétrica,Operação,2023-08-16,2020.2,2020.0, 66 - Alto Paraguai
Santo Antônio do Leverger,MT,Mantovilis,PCH.PH.MT.033916-4.1,PCH,Pequena Central Hidrelétrica,Operação,2022-10-14,5200.0,5200.0, 66 - Alto Paraguai
Santo Antônio do Leverger,MT,Mestre,CGH.PH.MT.029154-4.2,CGH,Central Geradora Hidrelétrica,Operação,2014-10-27,2000.0,2000.0, 66 - Alto Paraguai
Santo Antônio do Leverger,MT,Mutum I,PCH.PH.MT.031411-0.1,PCH,Pequena Central Hidrelétrica,Construção,1900-01-03,4000.0,0.0, 66 - Alto Paraguai
Santo Antônio do Leverger,MT,Pratinha (Antiga Colibri),PCH.PH.MT.037681-7.1,PCH,Pequena Central Hidrelétrica,Construção não iniciada,1900-01-03,10000.0,0.0, 66 - Alto Paraguai
Santo Antônio do Leverger,MT,Santa Cecília,CGH.PH.MT.029151-0.2,CGH,Central Geradora Hidrelétrica,Operação,2015-04-18,3500.0,3500.0, 66 - Alto Paraguai
Santo Antônio do Leverger,MT,Senador Jonas Pinheiro (Caeté),PCH.PH.MT.028393-2.1,PCH,Pequena Central Hidrelétrica,Operação,2006-09-09,5940.0,6300.0, 66 - Alto Paraguai
Santo Antônio do Leverger,MT,São Tadeu I,PCH.PH.MT.028806-3.1,PCH,Pequena Central Hidrelétrica,Operação,2010-12-24,18000.0,18000.0, 66 - Alto Paraguai
Sapezal,MT,Buriti,PCH.PH.MT.000331-0.1,PCH,Pequena Central Hidrelétrica,Operação,2018-08-04,10000.0,10000.0, 17 - Tapajos
Sapezal,MT,Cidezal,PCH.PH.MT.028836-5.1,PCH,Pequena Central Hidrelétrica,Operação,2011-06-25,17000.0,17000.0, 17 - Tapajos
Sapezal,MT,Ilha Comprida,PCH.PH.MT.028835-7.1,PCH,Pequena Central Hidrelétrica,Operação,2013-07-04,20160.0,20160.0, 17 - Tapajos
Sapezal,MT,Jesuíta,PCH.PH.MT.028818-7.1,PCH,Pequena Central Hidrelétrica,Operação,2023-04-28,22302.0,22302.0, 17 - Tapajos
Sapezal,MT,Mato Grosso (Antiga Cachoeirão),UHE.PH.MT.037268-4.1,UHE,Usina Hidrelétrica,Construção não iniciada,1900-01-03,49998.0,0.0, 17 - Tapajos
Sapezal,MT,Parecis,PCH.PH.MT.028819-5.1,PCH,Pequena Central Hidrelétrica,Operação,2011-07-06,15400.0,15400.0, 17 - Tapajos
Sapezal,MT,Rondon,PCH.PH.MT.002547-0.1,PCH,Pequena Central Hidrelétrica,Operação,2011-08-06,13000.0,13000.0, 17 - Tapajos
Sapezal,MT,Santa Lúcia,PCH.PH.MT.027987-0.1,PCH,Pequena Central Hidrelétrica,Operação,1994-01-01,5000.0,5000.0, 17 - Tapajos
Sapezal,MT,Santa Lúcia II,PCH.PH.MT.028395-9.1,PCH,Pequena Central Hidrelétrica,Operação,2003-04-14,7600.0,7600.0, 17 - Tapajos
Sapezal,MT,Sapezal,CGH.PH.MT.028813-6.1,CGH,Central Geradora Hidrelétrica,Operação,2002-04-10,720.0,720.0, 17 - Tapajos
Sapezal,MT,Sapezal,PCH.PH.MT.028821-7.1,PCH,Pequena Central Hidrelétrica,Operação,2011-06-23,16000.0,16000.0, 17 - Tapajos
Sapezal,MT,Segredo,PCH.PH.MT.028822-5.1,PCH,Pequena Central Hidrelétrica,Operação,2013-04-25,26118.0,26118.0, 17 - Tapajos
Sapezal,MT,Telegráfica,PCH.PH.MT.028820-9.1,PCH,Pequena Central Hidrelétrica,Operação,2011-08-27,30000.0,30000.0, 17 - Tapajos
Sapezal,MT,Tucunaré,CGH.PH.MT.029209-5.1,CGH,Central Geradora Hidrelétrica,Operação,1987-01-01,220.0,220.0, 17 - Tapajos
Sorriso,MT,Canoa Quebrada,PCH.PH.MT.000646-7.1,PCH,Pequena Central Hidrelétrica,Operação,2006-12-13,28000.0,28000.0, 17 - Tapajos
Sorriso,MT,Fazenda Sao Jose I - Sorriso,CGH.PH.MT.031617-2.1,CGH,Central Geradora Hidrelétrica,Operação,1983-01-01,249.6,249.0, 17 - Tapajos
Sorriso,MT,Foz do Cedro (Antiga A1E8),PCH.PH.MT.034560-1.1,PCH,Pequena Central Hidrelétrica,Operação,2022-11-30,24000.0,24000.0, 17 - Tapajos
São José do Rio Claro,MT,Agromar,CGH.PH.MT.040761-5.1,CGH,Central Geradora Hidrelétrica,Operação,1985-06-01,224.0,224.0, 17 - Tapajos
São José do Rio Claro,MT,Buritizal,CGH.PH.MT.037358-3.1,CGH,Central Geradora Hidrelétrica,Operação,2019-10-26,5000.0,5000.0, 17 - Tapajos
São José do Rio Claro,MT,Rio Claro (Antiga Perdidos),PCH.PH.MT.037328-1.1,PCH,Pequena Central Hidrelétrica,Operação,2022-11-26,28000.0,28000.0, 17 - Tapajos
Tabaporã,MT,Mercedes I e II,CGH.PH.MT.029614-7.1,CGH,Central Geradora Hidrelétrica,Operação,2002-01-01,153.6,153.0, 17 - Tapajos
Tabaporã,MT,PICCINI,CGH.PH.MT.038219-1.1,CGH,Central Geradora Hidrelétrica,Operação,1986-01-10,600.0,600.0, 17 - Tapajos
Tabaporã,MT,PICCINI V,CGH.PH.MT.034214-9.1,CGH,Central Geradora Hidrelétrica,Operação,2005-09-08,800.0,800.0, 17 - Tapajos
Tangará da Serra,MT,Graça Brennand (Antiga Terra Santa),PCH.PH.MT.029367-9.1,PCH,Pequena Central Hidrelétrica,Operação,2008-06-28,27400.0,27400.0, 66 - Alto Paraguai
Tangará da Serra,MT,Juba I,UHE.PH.MT.001268-8.1,UHE,Usina Hidrelétrica,Operação,1995-11-10,42000.0,42000.0, 66 - Alto Paraguai
Tangará da Serra,MT,Juba II,UHE.PH.MT.001269-6.1,UHE,Usina Hidrelétrica,Operação,1995-08-16,42000.0,42000.0, 66 - Alto Paraguai
Tangará da Serra,MT,Juba IV,PCH.PH.MT.029258-3.1,PCH,Pequena Central Hidrelétrica,Construção não iniciada,1900-01-03,7480.0,0.0, 66 - Alto Paraguai
Tangará da Serra,MT,Jubinha III,PCH.PH.MT.029257-5.1,PCH,Pequena Central Hidrelétrica,Construção não iniciada,1900-01-03,4080.0,0.0, 66 - Alto Paraguai
Tangará da Serra,MT,Pampeana,PCH.PH.MT.029376-8.1,PCH,Pequena Central Hidrelétrica,Operação,2009-05-14,28000.0,28000.0, 66 - Alto Paraguai
Tangará da Serra,MT,Pegoraro,PCH.PH.MT.034468-0.1,PCH,Pequena Central Hidrelétrica,Construção não iniciada,1900-01-03,5200.0,0.0, 66 - Alto Paraguai
Tangará da Serra,MT,Recanto,PCH.PH.MT.034865-1.1,PCH,Pequena Central Hidrelétrica,Operação,2019-12-21,9110.0,9110.0, 66 - Alto Paraguai
Tangará da Serra,MT,Rio do Sapo,PCH.PH.MT.030408-5.1,PCH,Pequena Central Hidrelétrica,Operação,2016-02-27,5760.0,5760.0, 66 - Alto Paraguai
Tangará da Serra,MT,Sudamata,CGH.PH.MT.037311-7.1,CGH,Central Geradora Hidrelétrica,Operação,1995-01-01,300.0,300.0, 66 - Alto Paraguai
Tesouro,MT,Cachoeirinha,CGH.PH.MT.000581-9.1,CGH,Central Geradora Hidrelétrica,Operação,1998-05-01,675.0,675.0, 24 - Alto Araguaia e rio Claro
Torixoréu,MT,São Domingos (Torixoréo),PCH.PH.MT.002862-2.1,PCH,Pequena Central Hidrelétrica,Operação,1983-06-01,2400.0,2400.0, 24 - Alto Araguaia e rio Claro
Vale de São Domingos,MT,Alto Guaporé 2,PCH.PH.MT.035646-8.1,PCH,Pequena Central Hidrelétrica,Construção não iniciada,1900-01-03,7000.0,0.0, 15 - Madeira
Água Boa,MT,Pé de Serra,CGH.PH.MT.028717-2.1,CGH,Central Geradora Hidrelétrica,Operação,2001-10-01,24.6,24.0," 26 - Araguaia, trecho da ilha Bananal"
Almeirim,PA,Santo Antônio do Jari,UHE.PH.AP.026792-9.1,UHE,Usina Hidrelétrica,Operação,2014-09-17,392950.0,392950.0," 19 - Amazonas, entre o rio Xingu e a foz"
Altamira,PA,Belo Monte,UHE.PH.PA.030354-2.1,UHE,Usina Hidrelétrica,Operação,2016-04-20,11233100.0,11233100.0, 18 - Xingu e Paru
Altamira,PA,Salto Três de Maio,PCH.PH.PA.028653-2.1,PCH,Pequena Central Hidrelétrica,Operação,2010-01-13,20000.0,20000.0, 18 - Xingu e Paru
Belterra,PA,Jatuarana,CGH.PH.PA.030392-5.1,CGH,Central Geradora Hidrelétrica,Operação,1900-01-03,100.0,100.0, 18 - Xingu e Paru
Dom Eliseu,PA,Barragem Boas Novas,CGH.PH.PA.031692-0.1,CGH,Central Geradora Hidrelétrica,Operação,1995-06-27,72.0,72.0, 32 - Litoraneas do Para e Maranhao
Jacareacanga,PA,São Manoel,UHE.PH.PA.031444-7.1,UHE,Usina Hidrelétrica,Operação,2017-12-28,700000.0,700000.0, 17 - Tapajos
Jacareacanga,PA,Teles Pires,UHE.PH.PA.030557-0.1,UHE,Usina Hidrelétrica,Operação,2015-11-07,1819800.0,1819800.0, 17 - Tapajos
Novo Progresso,PA,Brigadeiro Velloso III,CGH.PH.PA.027772-0.1,CGH,Central Geradora Hidrelétrica,Operação,2010-11-30,2000.0,2000.0, 17 - Tapajos
Novo Progresso,PA,Salto Buriti,PCH.PH.PA.028671-0.1,PCH,Pequena Central Hidrelétrica,Operação,2008-12-18,10000.0,10000.0, 18 - Xingu e Paru
Novo Progresso,PA,Salto Curuá,PCH.PH.PA.028672-9.1,PCH,Pequena Central Hidrelétrica,Operação,2008-10-15,30000.0,30000.0, 18 - Xingu e Paru
Paragominas,PA,Jonacir Dalmaso,CGH.PH.PA.038379-1.1,CGH,Central Geradora Hidrelétrica,Operação,2003-10-01,900.0,900.0, 31 - Guama e outros
Santarém,PA,Cachoeira do Aruã,CGH.PH.PA.029622-8.1,CGH,Central Geradora Hidrelétrica,Operação,1900-01-03,50.0,50.0, 17 - Tapajos
Santarém,PA,Curuá-Una,UHE.PH.PA.027130-6.1,UHE,Usina Hidrelétrica,Operação,1977-01-01,42800.0,42800.0, 18 - Xingu e Paru
Tucuruí,PA,Tucuruí,UHE.PH.PA.002889-4.1,UHE,Usina Hidrelétrica,Operação,1984-12-30,8535000.0,8535000.0," 29 - Tocantins, entre o rio Araguaia e a foz"
Vitória do Xingu,PA,Belo Monte,UHE.PH.PA.030354-2.1,UHE,Usina Hidrelétrica,Operação,2016-04-20,11233100.0,11233100.0, 18 - Xingu e Paru
Amaraji,PE,Amaraji,PCH.PH.PE.048667-1.2,PCH,Pequena Central Hidrelétrica,Construção não iniciada,1900-01-03,8850.0,0.0, 39 - Litoraneas de Pernambuco e Alagoas
Bonito,PE,Humaytá,CGH.PH.PE.028359-2.1,CGH,Central Geradora Hidrelétrica,Operação,1925-01-01,960.0,960.0, 39 - Paraiba e outros
Catende,PE,Serra do Espelho,CGH.PH.PE.028743-1.1,CGH,Central Geradora Hidrelétrica,Operação,1978-09-22,448.0,448.0, 39 - Litoraneas de Pernambuco e Alagoas
Cortês,PE,Humaytá,CGH.PH.PE.028359-2.1,CGH,Central Geradora Hidrelétrica,Operação,1925-01-01,960.0,960.0, 39 - Paraiba e outros
Cumaru,PE,Jucazinho,CGH.PH.PE.031081-6.1,CGH,Central Geradora Hidrelétrica,Operação,1900-01-03,1000.0,1000.0, 39 - Litoraneas de Pernambuco e Alagoas
Escada,PE,Pirapama,CGH.PH.PE.027225-6.2,CGH,Central Geradora Hidrelétrica,Operação,1925-01-01,900.0,900.0, 39 - Litoraneas de Pernambuco e Alagoas
Escada,PE,Pé de Serra,CGH.PH.PE.028693-1.1,CGH,Central Geradora Hidrelétrica,Operação,1989-06-01,144.0,144.0, 39 - Litoraneas de Pernambuco e Alagoas
Gameleira,PE,Pau Sangue,PCH.PH.PE.002008-7.1,PCH,Pequena Central Hidrelétrica,Operação,1939-01-01,1224.0,1224.0, 39 - Litoraneas de Pernambuco e Alagoas
Ibimirim,PE,Poço da Cruz,CGH.PH.PE.030539-1.1,CGH,Central Geradora Hidrelétrica,Operação,2012-02-01,797.64,797.0," 49 - Sao Francisco, a jusante do Pajeu"
Jaqueira,PE,Moças,CGH.PH.PE.029740-2.1,CGH,Central Geradora Hidrelétrica,Operação,1981-01-01,252.0,252.0, 39 - Litoraneas de Pernambuco e Alagoas
Jaqueira,PE,Serra do Espelho,CGH.PH.PE.035449-0.1,CGH,Central Geradora Hidrelétrica,Operação,1978-09-22,360.0,360.0, 39 - Paraiba e outros
Jatobá,PE,Luiz Gonzaga (Itaparica),UHE.PH.PE.001174-6.1,UHE,Usina Hidrelétrica,Operação,1988-01-31,1479600.0,1479600.0," 49 - Sao Francisco, a jusante do Pajeu"
Joaquim Nabuco,PE,Pedra Furada,PCH.PH.PE.029666-0.1,PCH,Pequena Central Hidrelétrica,Operação,2012-03-21,6500.0,6500.0, 39 - Paraiba e outros
Petrolândia,PE,Luiz Gonzaga (Itaparica),UHE.PH.PE.001174-6.1,UHE,Usina Hidrelétrica,Operação,1988-01-31,1479600.0,1479600.0," 49 - Sao Francisco, a jusante do Pajeu"
Primavera,PE,Mariquita,CGH.PH.PE.028695-8.1,CGH,Central Geradora Hidrelétrica,Operação,1925-03-01,880.0,880.0, 39 - Litoraneas de Pernambuco e Alagoas
Ribeirão,PE,Pedra Furada,PCH.PH.PE.029666-0.1,PCH,Pequena Central Hidrelétrica,Operação,2012-03-21,6500.0,6500.0, 39 - Paraiba e outros
Rio Formoso,PE,Luiz Dias Lins (Antiga Manopla),PCH.PH.PE.030572-3.1,PCH,Pequena Central Hidrelétrica,Operação,2016-07-08,5751.0,5751.0, 39 - Litoraneas de Pernambuco e Alagoas
Sirinhaém,PE,Gindaí,CGH.PH.PE.028091-7.2,CGH,Central Geradora Hidrelétrica,Operação,1940-03-01,4500.0,4500.0, 39 - Litoraneas de Pernambuco e Alagoas
Guadalupe,PI,Boa Esperança (Antiga Castelo Branco),UHE.PH.PI.000267-4.1,UHE,Usina Hidrelétrica,Operação,1970-10-02,237300.0,237300.0, 34 - Parnaiba
Anahy,PR,Zeca Golin (Antiga Fazenda do Salto),PCH.PH.PR.035340-0.1,PCH,Pequena Central Hidrelétrica,Operação,2021-12-24,9850.0,9850.0," 64 - Parana, Paranapanema, Amambai e outros"
Andirá,PR,Canoas II,UHE.PH.SP.027092-0.1,UHE,Usina Hidrelétrica,Operação,1999-07-13,72000.0,72000.0," 64 - Parana, Paranapanema, Amambai e outros"
Antonina,PR,Cotia,CGH.PH.PR.028882-9.1,CGH,Central Geradora Hidrelétrica,Operação,1900-01-03,1000.0,1000.0," 82 - Cachoeira, Sao Joao e outros"
Antonina,PR,Governador Pedro Viriato Parigot de Souza (Capivari/Cachoeira),UHE.PH.PR.001042-1.1,UHE,Usina Hidrelétrica,Operação,1971-09-03,260000.0,260000.0, 81 - Ribeira do Iguape
Arapoti,PR,Foz da Anta,PCH.PH.PR.029414-4.1,PCH,Pequena Central Hidrelétrica,Construção não iniciada,1900-01-03,12000.0,0.0," 64 - Parana, Paranapanema, Amambai e outros"
Arapoti,PR,Tigrinho,CGH.PH.PR.035334-5.1,CGH,Central Geradora Hidrelétrica,Operação,2015-05-15,1000.0,1000.0," 64 - Parana, Paranapanema, Amambai e outros"
Assis Chateaubriand,PR,do garcia,CGH.PH.PR.032036-6.1,CGH,Central Geradora Hidrelétrica,Operação,1965-01-16,736.0,736.0," 64 - Parana, Paranapanema, Amambai e outros"
Bandeirantes,PR,Salto Bandeirantes,PCH.PH.PR.029686-4.1,PCH,Pequena Central Hidrelétrica,Operação,2016-11-24,4200.0,4200.0," 64 - Parana, Paranapanema, Amambai e outros"
Bituruna,PR,Governador Bento Munhoz da Rocha Netto (Foz do Areia),UHE.PH.PR.000984-9.1,UHE,Usina Hidrelétrica,Operação,1980-10-01,1676000.0,1676000.0," 65 - Parana, Iguacu"
Boa Ventura de São Roque,PR,Cris,CGH.PH.PR.028251-0.1,CGH,Central Geradora Hidrelétrica,Operação,1972-10-14,80.0,80.0," 64 - Parana, Paranapanema, Amambai e outros"
Boa Ventura de São Roque,PR,Itaguaçu,PCH.PH.PR.028921-3.1,PCH,Pequena Central Hidrelétrica,Operação,2013-08-21,14000.0,14000.0," 64 - Parana, Paranapanema, Amambai e outros"
Boa Ventura de São Roque,PR,Pedrinho I,PCH.PH.PR.002028-1.1,PCH,Pequena Central Hidrelétrica,Operação,2003-10-01,16200.0,16200.0," 64 - Parana, Paranapanema, Amambai e outros"
Boa Ventura de São Roque,PR,Rio Bonito I,CGH.PH.PR.029412-8.1,CGH,Central Geradora Hidrelétrica,Operação,1997-09-28,400.0,400.0," 64 - Parana, Paranapanema, Amambai e outros"
Boa Ventura de São Roque,PR,Rio Bonito I I,CGH.PH.PR.029413-6.1,CGH,Central Geradora Hidrelétrica,Operação,2014-07-09,910.0,910.0," 64 - Parana, Paranapanema, Amambai e outros"
Boa Ventura de São Roque,PR,Rio Bonito I I I,CGH.PH.PR.038205-1.1,CGH,Central Geradora Hidrelétrica,Operação,2014-07-01,1000.0,1000.0," 64 - Parana, Paranapanema, Amambai e outros"
Bocaiúva do Sul,PR,Novo Horizonte,PCH.PH.PR.028782-2.1,PCH,Pequena Central Hidrelétrica,Operação,2011-06-04,23000.0,23000.0, 81 - Ribeira do Iguape
Bom Sucesso,PR,São Pedro,CGH.PH.PR.031470-6.1,CGH,Central Geradora Hidrelétrica,Operação,1964-01-01,174.8,174.0," 65 - Parana, Iguacu"
Bom Sucesso do Sul,PR,Jacaré,PCH.PH.PR.034094-4.1,PCH,Pequena Central Hidrelétrica,Operação,2018-06-16,5600.0,5600.0," 65 - Parana, Iguacu"
Bom Sucesso do Sul,PR,Vila Galupo,PCH.PH.PR.037822-4.1,PCH,Pequena Central Hidrelétrica,Operação,2019-06-19,5670.0,5670.0," 65 - Parana, Iguacu"
Cambará,PR,Salto Grande (Lucas Nogueira Garcez),UHE.PH.SP.002648-4.1,UHE,Usina Hidrelétrica,Operação,1958-05-31,73800.0,73800.0," 64 - Parana, Paranapanema, Amambai e outros"
Campina Grande do Sul,PR,Novo Horizonte,PCH.PH.PR.028782-2.1,PCH,Pequena Central Hidrelétrica,Operação,2011-06-04,23000.0,23000.0, 81 - Ribeira do Iguape
Campina do Simão,PR,Nerinha,CGH.PH.PR.028250-2.1,CGH,Central Geradora Hidrelétrica,Operação,1964-10-29,40.0,40.0," 64 - Parana, Paranapanema, Amambai e outros"
Campo Largo,PR,Açungui 2E,PCH.PH.PR.035550-0.1,PCH,Pequena Central Hidrelétrica,Construção não iniciada,1900-01-03,5940.0,0.0, 81 - Ribeira do Iguape
Campo Largo,PR,Açungui 2F,PCH.PH.PR.036917-9.1,PCH,Pequena Central Hidrelétrica,Construção não iniciada,1900-01-03,9900.0,0.0, 81 - Ribeira do Iguape
Campo Magro,PR,Açungui 2F,PCH.PH.PR.036917-9.1,PCH,Pequena Central Hidrelétrica,Construção não iniciada,1900-01-03,9900.0,0.0, 81 - Ribeira do Iguape
Campo Mourão,PR,Casali II,CGH.PH.PR.030613-4.1,CGH,Central Geradora Hidrelétrica,Operação,1958-11-19,105.62,105.0," 64 - Parana, Paranapanema, Amambai e outros"
Campo Mourão,PR,Mourão I,UHE.PH.PR.001509-1.2,UHE,Usina Hidrelétrica,Operação,1964-06-01,8200.0,8200.0," 64 - Parana, Paranapanema, Amambai e outros"
Campo Mourão,PR,Salto Natal,PCH.PH.PR.027879-3.1,PCH,Pequena Central Hidrelétrica,Operação,2003-11-21,15120.0,15120.0," 64 - Parana, Paranapanema, Amambai e outros"
Candói,PR,Barra,CGH.PH.PR.027174-8.1,CGH,Central Geradora Hidrelétrica,Operação,1950-06-10,4320.0,4320.0," 65 - Parana, Iguacu"
Candói,PR,Candói,CGH.PH.PR.000640-8.1,CGH,Central Geradora Hidrelétrica,Operação,2005-07-01,824.0,824.0," 65 - Parana, Iguacu"
Candói,PR,Cavernoso II,PCH.PH.PR.030458-1.1,PCH,Pequena Central Hidrelétrica,Operação,2013-05-15,19008.0,19008.0," 65 - Parana, Iguacu"
Candói,PR,Cavernoso III,PCH.PH.PR.037314-1.1,PCH,Pequena Central Hidrelétrica,Operação,2023-03-23,6500.0,6500.0," 65 - Parana, Iguacu"
Candói,PR,Cavernoso IV,PCH.PH.PR.034241-6.1,PCH,Pequena Central Hidrelétrica,Operação,2022-12-17,6000.0,6000.0," 65 - Parana, Iguacu"
Candói,PR,Salto Curucaca (Antiga Salto Curucaca II),UHE.PH.PR.028994-9.1,UHE,Usina Hidrelétrica,Operação,2016-09-03,37042.0,37042.0," 65 - Parana, Iguacu"
Candói,PR,Santa Clara,UHE.PH.PR.028361-4.1,UHE,Usina Hidrelétrica,Operação,2005-07-31,120168.0,120168.0," 65 - Parana, Iguacu"
Candói,PR,Santa Clara I,CGH.PH.PR.028850-0.1,CGH,Central Geradora Hidrelétrica,Operação,2002-12-18,3600.0,3600.0," 65 - Parana, Iguacu"
Candói,PR,Taguá,PCH.PH.PR.036914-4.1,PCH,Pequena Central Hidrelétrica,Operação,2022-03-16,6600.0,6600.0," 65 - Parana, Iguacu"
Cantagalo,PR,Bainha,CGH.PH.PR.028632-0.1,CGH,Central Geradora Hidrelétrica,Operação,1900-01-03,320.0,320.0," 65 - Parana, Iguacu"
Cantagalo,PR,Cavernoso III,PCH.PH.PR.037314-1.1,PCH,Pequena Central Hidrelétrica,Operação,2023-03-23,6500.0,6500.0," 65 - Parana, Iguacu"
Cantagalo,PR,Cavernoso IV,PCH.PH.PR.034241-6.1,PCH,Pequena Central Hidrelétrica,Operação,2022-12-17,6000.0,6000.0," 65 - Parana, Iguacu"
Capanema,PR,Baixo Iguaçu,UHE.PH.PR.030923-0.1,UHE,Usina Hidrelétrica,Operação,2019-02-08,350200.0,350200.0," 65 - Parana, Iguacu"
Capitão Leônidas Marques,PR,Baixo Iguaçu,UHE.PH.PR.030923-0.1,UHE,Usina Hidrelétrica,Operação,2019-02-08,350200.0,350200.0," 65 - Parana, Iguacu"
Capitão Leônidas Marques,PR,Governador José Richa (Salto Caxias),UHE.PH.PR.002591-7.1,UHE,Usina Hidrelétrica,Operação,1999-02-18,1240000.0,1240000.0," 65 - Parana, Iguacu"
Cascavel,PR,Padovani,CGH.PH.PR.031187-1.1,CGH,Central Geradora Hidrelétrica,Operação,2014-01-01,459.0,459.0," 64 - Parana, Paranapanema, Amambai e outros"
Cascavel,PR,São Salvador,PCH.PH.PR.035387-6.1,PCH,Pequena Central Hidrelétrica,Construção não iniciada,1900-01-03,5700.0,0.0," 65 - Parana, Iguacu"
Castro,PR,Castro,PCH.PH.PR.032513-9.1,PCH,Pequena Central Hidrelétrica,Operação,2017-10-21,4000.0,4000.0," 64 - Parana, Paranapanema, Amambai e outros"
Castro,PR,Paina (Socavão),CGH.PH.PR.002758-8.1,CGH,Central Geradora Hidrelétrica,Operação,1994-01-10,736.0,736.0, 81 - Ribeira do Iguape
Castro,PR,Paina II,CGH.PH.PR.001937-2.2,CGH,Central Geradora Hidrelétrica,Operação,2004-07-05,1200.0,1200.0, 81 - Ribeira do Iguape
Castro,PR,Pulo,PCH.PH.PR.034438-9.1,PCH,Pequena Central Hidrelétrica,Operação,2019-05-22,8400.0,8400.0," 64 - Parana, Paranapanema, Amambai e outros"
Cerro Azul,PR,Ribeirão Bonito,PCH.PH.PR.035098-2.1,PCH,Pequena Central Hidrelétrica,Construção não iniciada,1900-01-03,6300.0,0.0, 81 - Ribeira do Iguape
Chopinzinho,PR,Salto São Luiz,CGH.PH.PR.002675-1.1,CGH,Central Geradora Hidrelétrica,Operação,1900-01-03,323.0,323.0," 65 - Parana, Iguacu"
Cianorte,PR,Cianorte,PCH.PH.PR.037145-9.1,PCH,Pequena Central Hidrelétrica,Construção não iniciada,1900-01-03,6000.0,0.0," 64 - Parana, Paranapanema, Amambai e outros"
Clevelândia,PR,ARFIMAC,CGH.PH.PR.038337-6.1,CGH,Central Geradora Hidrelétrica,Operação,1977-02-25,469.6,469.0," 65 - Parana, Iguacu"
Clevelândia,PR,Camifra I,CGH.PH.PR.000610-6.1,CGH,Central Geradora Hidrelétrica,Operação,1973-06-05,74.82,74.0," 65 - Parana, Iguacu"
Clevelândia,PR,Lontras,CGH.PH.PR.028902-7.1,CGH,Central Geradora Hidrelétrica,Operação,1900-01-03,612.0,612.0," 65 - Parana, Iguacu"
Clevelândia,PR,PAMPEANA,CGH.PH.PR.075317-3.1,CGH,Central Geradora Hidrelétrica,Operação,2023-05-10,1000.0,1000.0,
Clevelândia,PR,Pinho Fleck,CGH.PH.PR.029891-3.1,CGH,Central Geradora Hidrelétrica,Operação,1972-06-01,1279.0,1279.0," 65 - Parana, Iguacu"
Clevelândia,PR,Salto Claudelino,CGH.PH.PR.002592-5.2,CGH,Central Geradora Hidrelétrica,Operação,1984-10-30,2800.0,2800.0," 65 - Parana, Iguacu"
Clevelândia,PR,Tito,PCH.PH.PR.037258-7.1,PCH,Pequena Central Hidrelétrica,Operação,2025-08-08,30000.0,30000.0," 65 - Parana, Iguacu"
Clevelândia,PR,Trindade Baixo Jusante,PCH.PH.PR.033723-4.1,PCH,Pequena Central Hidrelétrica,Construção não iniciada,1900-01-03,19500.0,0.0," 65 - Parana, Iguacu"
Colorado,PR,Córrego Fundo,PCH.PH.PR.029505-1.1,PCH,Pequena Central Hidrelétrica,Operação,2026-06-09,10000.0,10000.0," 64 - Parana, Paranapanema, Amambai e outros"
Corbélia,PR,Bandiera Ronfim,CGH.PH.PR.040813-1.1,CGH,Central Geradora Hidrelétrica,Operação,2020-07-15,2160.0,2160.0," 64 - Parana, Paranapanema, Amambai e outros"
Corbélia,PR,Melissa,CGH.PH.PR.001452-4.1,CGH,Central Geradora Hidrelétrica,Operação,1966-01-31,998.0,998.0," 64 - Parana, Paranapanema, Amambai e outros"
Corbélia,PR,PINDORAMA,CGH.PH.PR.075591-5.1,CGH,Central Geradora Hidrelétrica,Operação,2023-08-04,2000.0,2000.0,
Coronel Domingos Soares,PR,Foz do Estrela,PCH.PH.PR.028998-1.1,PCH,Pequena Central Hidrelétrica,Operação,2022-05-12,29500.0,29500.0," 65 - Parana, Iguacu"
Coronel Domingos Soares,PR,Salto Estrela,CGH.PH.PR.029431-4.1,CGH,Central Geradora Hidrelétrica,Operação,1950-01-01,2230.0,2230.0," 65 - Parana, Iguacu"
Coronel Vivida,PR,Salto da Alemoa,CGH.PH.PR.002576-3.1,CGH,Central Geradora Hidrelétrica,Operação,1969-09-01,828.0,828.0," 65 - Parana, Iguacu"
Cruz Machado,PR,Salto do Vau,CGH.PH.PR.002642-5.1,CGH,Central Geradora Hidrelétrica,Operação,1959-01-01,940.0,940.0," 65 - Parana, Iguacu"
Cruzeiro do Iguaçu,PR,Arturo Andreoli (Antiga Júlio de Mesquita Filho),PCH.PH.PR.001278-5.1,PCH,Pequena Central Hidrelétrica,Operação,2001-10-25,29072.0,29072.0," 65 - Parana, Iguacu"
Cruzeiro do Iguaçu,PR,Generoso,PCH.PH.PR.037573-0.2,PCH,Pequena Central Hidrelétrica,Operação,2017-02-08,8000.0,8000.0," 65 - Parana, Iguacu"
Diamante do Norte,PR,Rosana,UHE.PH.SP.002555-0.1,UHE,Usina Hidrelétrica,Operação,1987-05-20,354000.0,354000.0," 64 - Parana, Paranapanema, Amambai e outros"
Foz do Iguaçu,PR,Itaipu (Parte Brasileira),UHE.PH.PR.001161-4.1,UHE,Usina Hidrelétrica,Operação,1989-04-01,7000000.0,7000000.0," 64 - Parana, Paranapanema, Amambai e outros"
Foz do Jordão,PR,Barra,CGH.PH.PR.027174-8.1,CGH,Central Geradora Hidrelétrica,Operação,1950-06-10,4320.0,4320.0," 65 - Parana, Iguacu"
Foz do Jordão,PR,Fundão,UHE.PH.PR.028360-6.1,UHE,Usina Hidrelétrica,Operação,2006-06-23,120168.0,120168.0," 65 - Parana, Iguacu"
Foz do Jordão,PR,Fundão I,CGH.PH.PR.028846-2.1,CGH,Central Geradora Hidrelétrica,Operação,2002-12-18,2475.0,2475.0," 65 - Parana, Iguacu"
Francisco Beltrão,PR,Dario,CGH.PH.PR.037203-0.1,CGH,Central Geradora Hidrelétrica,Operação,1980-06-01,450.0,450.0," 65 - Parana, Iguacu"
Francisco Beltrão,PR,Vila Galupo,PCH.PH.PR.037822-4.1,PCH,Pequena Central Hidrelétrica,Operação,2019-06-19,5670.0,5670.0," 65 - Parana, Iguacu"
General Carneiro,PR,Calplast,CGH.PH.SC.029883-2.1,CGH,Central Geradora Hidrelétrica,Operação,2019-10-01,640.0,640.0," 65 - Parana, Iguacu"
General Carneiro,PR,Jangada I,CGH.PH.PR.029498-5.1,CGH,Central Geradora Hidrelétrica,Operação,1974-01-01,563.76,563.0," 65 - Parana, Iguacu"
General Carneiro,PR,Jangada II,CGH.PH.PR.029504-3.1,CGH,Central Geradora Hidrelétrica,Operação,1900-01-03,1000.0,1000.0," 65 - Parana, Iguacu"
General Carneiro,PR,Joaquim Fernandes Luiz,CGH.PH.PR.028732-6.1,CGH,Central Geradora Hidrelétrica,Operação,1900-01-03,951.0,951.0," 65 - Parana, Iguacu"
General Carneiro,PR,Salto Lili,CGH.PH.PR.028331-2.1,CGH,Central Geradora Hidrelétrica,Operação,1965-11-24,160.0,160.0," 65 - Parana, Iguacu"
Goioxim,PR,Cavernoso VIII,PCH.PH.PR.034117-7.1,PCH,Pequena Central Hidrelétrica,Construção não iniciada,1900-01-03,5200.0,0.0," 65 - Parana, Iguacu"
Guamiranga,PR,Salto Rio Branco,CGH.PH.PR.002670-0.2,CGH,Central Geradora Hidrelétrica,Operação,1990-01-01,4191.52,4191.0," 64 - Parana, Paranapanema, Amambai e outros"
Guarapuava,PR,Carlota,CGH.PH.PR.046701-4.3,CGH,Central Geradora Hidrelétrica,Operação,1980-01-01,225.0,225.0," 65 - Parana, Iguacu"
Guarapuava,PR,Cavernoso VIII,PCH.PH.PR.034117-7.1,PCH,Pequena Central Hidrelétrica,Construção não iniciada,1900-01-03,5200.0,0.0," 65 - Parana, Iguacu"
Guarapuava,PR,Dalba,CGH.PH.PR.030577-4.1,CGH,Central Geradora Hidrelétrica,Operação,2014-05-22,1000.0,1000.0," 65 - Parana, Iguacu"
Guarapuava,PR,Enxadrista,CGH.PH.PR.035731-6.1,CGH,Central Geradora Hidrelétrica,Operação,2022-07-21,1000.0,1000.0," 65 - Parana, Iguacu"
Guarapuava,PR,Parque I,CGH.PH.PR.038250-7.1,CGH,Central Geradora Hidrelétrica,Operação,2017-12-04,4720.0,4720.0," 65 - Parana, Iguacu"
Guarapuava,PR,Pinho Past,CGH.PH.PR.035802-9.1,CGH,Central Geradora Hidrelétrica,Operação,1969-10-01,927.0,927.0," 65 - Parana, Iguacu"
Guarapuava,PR,Rio das Mortes,CGH.PH.PR.030241-4.1,CGH,Central Geradora Hidrelétrica,Operação,2008-12-01,627.0,627.0," 65 - Parana, Iguacu"
Guarapuava,PR,Salto Curucaca (Antiga Salto Curucaca II),UHE.PH.PR.028994-9.1,UHE,Usina Hidrelétrica,Operação,2016-09-03,37042.0,37042.0," 65 - Parana, Iguacu"
Guarapuava,PR,São Jerônimo,PCH.PH.PR.028791-1.1,PCH,Pequena Central Hidrelétrica,Construção,1900-01-03,15500.0,0.0," 65 - Parana, Iguacu"
Guarapuava,PR,Três Capões Novo,PCH.PH.PR.035416-3.1,PCH,Pequena Central Hidrelétrica,Operação,2024-03-16,10000.0,10000.0," 65 - Parana, Iguacu"
Guaratuba,PR,Guaricana,UHE.PH.PR.001075-8.1,UHE,Usina Hidrelétrica,Operação,1957-05-01,36000.0,36000.0," 82 - Cachoeira, Sao Joao e outros"
Honório Serpa,PR,Camifra I,CGH.PH.PR.000610-6.1,CGH,Central Geradora Hidrelétrica,Operação,1973-06-05,74.82,74.0," 65 - Parana, Iguacu"
Honório Serpa,PR,Pinho Fleck,CGH.PH.PR.029891-3.1,CGH,Central Geradora Hidrelétrica,Operação,1972-06-01,1279.0,1279.0," 65 - Parana, Iguacu"
Honório Serpa,PR,Tito,PCH.PH.PR.037258-7.1,PCH,Pequena Central Hidrelétrica,Operação,2025-08-08,30000.0,30000.0," 65 - Parana, Iguacu"
Iguatu,PR,Zeca Golin (Antiga Fazenda do Salto),PCH.PH.PR.035340-0.1,PCH,Pequena Central Hidrelétrica,Operação,2021-12-24,9850.0,9850.0," 64 - Parana, Paranapanema, Amambai e outros"
Itambaracá,PR,Canoas I,UHE.PH.SP.000647-5.1,UHE,Usina Hidrelétrica,Operação,1999-05-09,82500.0,82500.0," 64 - Parana, Paranapanema, Amambai e outros"
Itapejara d´Oeste,PR,Chopim I,CGH.PH.PR.000771-4.2,CGH,Central Geradora Hidrelétrica,Operação,1963-05-28,1980.0,1980.0," 65 - Parana, Iguacu"
Itapejara d´Oeste,PR,Vitorino,PCH.PH.PR.027549-2.1,PCH,Pequena Central Hidrelétrica,Operação,2002-09-12,5280.0,5280.0," 65 - Parana, Iguacu"
Itaperuçu,PR,Açungui 2F,PCH.PH.PR.036917-9.1,PCH,Pequena Central Hidrelétrica,Construção não iniciada,1900-01-03,9900.0,0.0, 81 - Ribeira do Iguape
Itaperuçu,PR,Caratuva,PCH.PH.PR.034997-6.1,PCH,Pequena Central Hidrelétrica,Construção não iniciada,1900-01-03,8000.0,0.0, 81 - Ribeira do Iguape
Jacarezinho,PR,Ourinhos,UHE.PH.SP.027872-6.1,UHE,Usina Hidrelétrica,Operação,2005-12-07,44000.0,44000.0," 64 - Parana, Paranapanema, Amambai e outros"
Jaguariaíva,PR,Beira Rio,PCH.PH.PR.035005-2.1,PCH,Pequena Central Hidrelétrica,Construção,1900-01-03,18150.0,0.0," 64 - Parana, Paranapanema, Amambai e outros"
Jaguariaíva,PR,Macacos,PCH.PH.PR.035006-0.1,PCH,Pequena Central Hidrelétrica,Operação,2021-02-13,9900.0,9900.0," 64 - Parana, Paranapanema, Amambai e outros"
Jaguariaíva,PR,Nova Jaguariaíva,CGH.PH.PR.001549-0.2,CGH,Central Geradora Hidrelétrica,Operação,1995-05-24,1218.75,1218.0," 64 - Parana, Paranapanema, Amambai e outros"
Jaguariaíva,PR,Pesqueiro,PCH.PH.PR.002046-0.1,PCH,Pequena Central Hidrelétrica,Operação,2003-01-27,10960.0,12440.0," 64 - Parana, Paranapanema, Amambai e outros"
Jaguariaíva,PR,Velha,CGH.PH.PR.033372-7.1,CGH,Central Geradora Hidrelétrica,Operação,2015-04-01,1000.01,1000.0," 64 - Parana, Paranapanema, Amambai e outros"
Jussara,PR,Cianorte,PCH.PH.PR.037145-9.1,PCH,Pequena Central Hidrelétrica,Construção não iniciada,1900-01-03,6000.0,0.0," 64 - Parana, Paranapanema, Amambai e outros"
Lapa,PR,Lucia Cherobim,PCH.PH.PR.028419-0.1,PCH,Pequena Central Hidrelétrica,Operação,2025-02-14,28000.0,28000.0," 65 - Parana, Iguacu"
Lapa,PR,Salto Caiacanga,CGH.PH.PR.002587-9.1,CGH,Central Geradora Hidrelétrica,Operação,1952-04-17,220.0,220.0," 65 - Parana, Iguacu"
Laranjal,PR,Cantú 2,PCH.PH.PR.029180-3.1,PCH,Pequena Central Hidrelétrica,Operação,2015-12-25,19856.59,19807.0," 64 - Parana, Paranapanema, Amambai e outros"
Laranjeiras do Sul,PR,Cobre Km 19,PCH.PH.PR.036938-1.1,PCH,Pequena Central Hidrelétrica,Operação,2024-08-28,14200.0,14200.0," 64 - Parana, Paranapanema, Amambai e outros"
Mangueirinha,PR,Canhadão,PCH.PH.PR.032511-2.1,PCH,Pequena Central Hidrelétrica,Operação,2017-12-22,10000.0,10000.0," 65 - Parana, Iguacu"
Mangueirinha,PR,Covó,CGH.PH.PR.029411-0.2,CGH,Central Geradora Hidrelétrica,Operação,2019-03-02,5000.0,5000.0," 65 - Parana, Iguacu"
Mangueirinha,PR,Forquilha,PCH.PH.PR.035801-0.1,PCH,Pequena Central Hidrelétrica,Operação,2021-05-12,5500.0,5500.0," 65 - Parana, Iguacu"
Mangueirinha,PR,Governador Ney Aminthas de Barros Braga (Segredo),UHE.PH.PR.002715-4.1,UHE,Usina Hidrelétrica,Operação,1992-09-29,1260000.0,1260000.0," 65 - Parana, Iguacu"
Mangueirinha,PR,Invernadinha,PCH.PH.PR.035800-2.1,PCH,Pequena Central Hidrelétrica,Operação,2022-02-26,18000.0,18000.0," 65 - Parana, Iguacu"
Mangueirinha,PR,Tigre,PCH.PH.PR.029222-2.1,PCH,Pequena Central Hidrelétrica,Operação,2016-10-27,9000.0,9000.0," 65 - Parana, Iguacu"
Manoel Ribas,PR,Benedito,CGH.PH.PR.030606-1.1,CGH,Central Geradora Hidrelétrica,Operação,1980-07-01,1000.0,1000.0," 64 - Parana, Paranapanema, Amambai e outros"
Manoel Ribas,PR,Cristalino,CGH.PH.PR.028783-0.1,CGH,Central Geradora Hidrelétrica,Operação,2005-07-18,4000.0,4000.0," 64 - Parana, Paranapanema, Amambai e outros"
Manoel Ribas,PR,Evo,CGH.PH.PR.030588-0.1,CGH,Central Geradora Hidrelétrica,Operação,1900-01-03,1000.0,1000.0," 64 - Parana, Paranapanema, Amambai e outros"
Marechal Cândido Rondon,PR,Moinho,PCH.PH.PR.030836-6.1,PCH,Pequena Central Hidrelétrica,Operação,2015-07-18,3700.0,3700.0," 64 - Parana, Paranapanema, Amambai e outros"
Marilândia do Sul,PR,Rio das Antas,CGH.PH.PR.029893-0.1,CGH,Central Geradora Hidrelétrica,Operação,2009-03-01,970.0,970.0," 64 - Parana, Paranapanema, Amambai e outros"
Marmeleiro,PR,Bedim,PCH.PH.PR.037757-0.1,PCH,Pequena Central Hidrelétrica,Operação,2020-10-28,6000.0,6000.0," 65 - Parana, Iguacu"
Marmeleiro,PR,de Cima,CGH.PH.PR.037232-3.1,CGH,Central Geradora Hidrelétrica,Operação,1990-06-01,240.0,240.0," 65 - Parana, Iguacu"
Marmeleiro,PR,do Park,CGH.PH.PR.037347-8.1,CGH,Central Geradora Hidrelétrica,Operação,1990-06-01,400.0,400.0," 65 - Parana, Iguacu"
Marquinho,PR,Cobre Km 19,PCH.PH.PR.036938-1.1,PCH,Pequena Central Hidrelétrica,Operação,2024-08-28,14200.0,14200.0," 64 - Parana, Paranapanema, Amambai e outros"
Morretes,PR,Marumbi,CGH.PH.PR.001501-6.2,CGH,Central Geradora Hidrelétrica,Operação,1961-04-05,4800.0,4800.0," 82 - Cachoeira, Sao Joao e outros"
Nossa Senhora das Graças,PR,Salto Bandeirantes,PCH.PH.PR.029686-4.1,PCH,Pequena Central Hidrelétrica,Operação,2016-11-24,4200.0,4200.0," 64 - Parana, Paranapanema, Amambai e outros"
Nova Aurora,PR,Melissa,CGH.PH.PR.001452-4.1,CGH,Central Geradora Hidrelétrica,Operação,1966-01-31,998.0,998.0," 64 - Parana, Paranapanema, Amambai e outros"
Nova Aurora,PR,PERBONE,CGH.PH.PR.075562-1.1,CGH,Central Geradora Hidrelétrica,Operação,2022-12-16,2000.0,2000.0,
Nova Cantu,PR,Cantu 1,PCH.PH.PR.033876-1.1,PCH,Pequena Central Hidrelétrica,Construção não iniciada,1900-01-03,10000.0,0.0," 64 - Parana, Paranapanema, Amambai e outros"
Nova Cantu,PR,Cantú 2,PCH.PH.PR.029180-3.1,PCH,Pequena Central Hidrelétrica,Operação,2015-12-25,19856.59,19807.0," 64 - Parana, Paranapanema, Amambai e outros"
Nova Prata do Iguaçu,PR,Governador José Richa (Salto Caxias),UHE.PH.PR.002591-7.1,UHE,Usina Hidrelétrica,Operação,1999-02-18,1240000.0,1240000.0," 65 - Parana, Iguacu"
Ortigueira,PR,Governador Jayme Canet Junior (Antiga MAUÁ),UHE.PH.PR.029598-1.1,UHE,Usina Hidrelétrica,Operação,2012-11-23,361000.0,363138.0," 64 - Parana, Paranapanema, Amambai e outros"
Ouro Verde do Oeste,PR,São Francisco,PCH.PH.PR.028747-4.1,PCH,Pequena Central Hidrelétrica,Operação,2010-11-30,14000.0,14000.0," 64 - Parana, Paranapanema, Amambai e outros"
Palmas,PR,Lontras,CGH.PH.PR.028902-7.1,CGH,Central Geradora Hidrelétrica,Operação,1900-01-03,612.0,612.0," 65 - Parana, Iguacu"
Palmas,PR,Posto Horizonte,CGH.PH.PR.030604-5.1,CGH,Central Geradora Hidrelétrica,Operação,1980-01-01,630.0,630.0," 65 - Parana, Iguacu"
Palmas,PR,Salto Estrela,CGH.PH.PR.029431-4.1,CGH,Central Geradora Hidrelétrica,Operação,1950-01-01,2230.0,2230.0," 65 - Parana, Iguacu"
Palmas,PR,Salto Santo Antônio,CGH.PH.PR.032876-6.1,CGH,Central Geradora Hidrelétrica,Operação,1963-01-01,846.4,846.0," 65 - Parana, Iguacu"
Paranacity,PR,Córrego Fundo,PCH.PH.PR.029505-1.1,PCH,Pequena Central Hidrelétrica,Operação,2026-06-09,10000.0,10000.0," 64 - Parana, Paranapanema, Amambai e outros"
Paranapoema,PR,Córrego Fundo,PCH.PH.PR.029505-1.1,PCH,Pequena Central Hidrelétrica,Operação,2026-06-09,10000.0,10000.0," 64 - Parana, Paranapanema, Amambai e outros"
Paranapoema,PR,Itaguajé,PCH.PH.PR.035798-7.1,PCH,Pequena Central Hidrelétrica,Construção não iniciada,1900-01-03,7300.0,0.0," 64 - Parana, Paranapanema, Amambai e outros"
Peabiru,PR,Ouro Branco,CGH.PH.PR.034015-4.2,CGH,Central Geradora Hidrelétrica,Operação,2019-06-05,4000.0,4000.0," 64 - Parana, Paranapanema, Amambai e outros"
Pinhalão,PR,SANTA RITA DE CASSIA,CGH.PH.PR.035763-4.1,CGH,Central Geradora Hidrelétrica,Operação,2016-05-20,846.4,846.0," 64 - Parana, Paranapanema, Amambai e outros"
Pinhão,PR,Fundão,UHE.PH.PR.028360-6.1,UHE,Usina Hidrelétrica,Operação,2006-06-23,120168.0,120168.0," 65 - Parana, Iguacu"
Pinhão,PR,Fundão I,CGH.PH.PR.028846-2.1,CGH,Central Geradora Hidrelétrica,Operação,2002-12-18,2475.0,2475.0," 65 - Parana, Iguacu"
Pinhão,PR,Governador Bento Munhoz da Rocha Netto (Foz do Areia),UHE.PH.PR.000984-9.1,UHE,Usina Hidrelétrica,Operação,1980-10-01,1676000.0,1676000.0," 65 - Parana, Iguacu"
Pinhão,PR,Reinhofer,CGH.PH.PR.030069-1.1,CGH,Central Geradora Hidrelétrica,Operação,2010-12-01,396.0,396.0," 65 - Parana, Iguacu"
Pinhão,PR,Rio Capivara,CGH.PH.PR.045487-7.1,CGH,Central Geradora Hidrelétrica,Operação,2019-09-04,1369.8,1369.0," 65 - Parana, Iguacu"
Pinhão,PR,Salto São Pedro,CGH.PH.PR.026885-2.1,CGH,Central Geradora Hidrelétrica,Operação,1975-04-07,1188.0,1188.0," 65 - Parana, Iguacu"
Pinhão,PR,Santa Clara,UHE.PH.PR.028361-4.1,UHE,Usina Hidrelétrica,Operação,2005-07-31,120168.0,120168.0," 65 - Parana, Iguacu"
Pinhão,PR,Santa Clara I,CGH.PH.PR.028850-0.1,CGH,Central Geradora Hidrelétrica,Operação,2002-12-18,3600.0,3600.0," 65 - Parana, Iguacu"
Pinhão,PR,São Jerônimo,PCH.PH.PR.028791-1.1,PCH,Pequena Central Hidrelétrica,Construção,1900-01-03,15500.0,0.0," 65 - Parana, Iguacu"
Pitanga,PR,Itaguaçu,PCH.PH.PR.028921-3.1,PCH,Pequena Central Hidrelétrica,Operação,2013-08-21,14000.0,14000.0," 64 - Parana, Paranapanema, Amambai e outros"
Ponta Grossa,PR,Pitangui,CGH.PH.PR.002085-0.1,CGH,Central Geradora Hidrelétrica,Operação,1911-01-01,865.55,865.0," 64 - Parana, Paranapanema, Amambai e outros"
Ponta Grossa,PR,São Jorge,PCH.PH.PR.027153-5.1,PCH,Pequena Central Hidrelétrica,Operação,1945-01-01,2300.0,2300.0," 64 - Parana, Paranapanema, Amambai e outros"
Porecatu,PR,Capivara (Escola de Engenharia Mackenzie),UHE.PH.SP.000657-2.1,UHE,Usina Hidrelétrica,Operação,1977-03-10,643000.0,643000.0," 64 - Parana, Paranapanema, Amambai e outros"
Porto Amazonas,PR,Salto Caiacanga,CGH.PH.PR.002587-9.1,CGH,Central Geradora Hidrelétrica,Operação,1952-04-17,220.0,220.0," 65 - Parana, Iguacu"
Porto Vitória,PR,Salto do Jardim,CGH.PH.PR.002628-0.1,CGH,Central Geradora Hidrelétrica,Operação,1966-03-07,1190.0,1190.0," 65 - Parana, Iguacu"
Prudentópolis,PR,Confluência,PCH.PH.PR.029068-8.1,PCH,Pequena Central Hidrelétrica,Operação,2023-06-20,27435.0,27435.0," 64 - Parana, Paranapanema, Amambai e outros"
Prudentópolis,PR,Dois Saltos,PCH.PH.PR.033975-0.1,PCH,Pequena Central Hidrelétrica,Operação,2022-03-18,30000.0,30000.0," 64 - Parana, Paranapanema, Amambai e outros"
Prudentópolis,PR,São João II,PCH.PH.PR.035146-6.1,PCH,Pequena Central Hidrelétrica,Operação,2026-07-04,7000.0,7000.0," 64 - Parana, Paranapanema, Amambai e outros"
Quedas do Iguaçu,PR,Salto Osório,UHE.PH.PR.002659-0.1,UHE,Usina Hidrelétrica,Operação,1975-01-01,1103670.0,1103670.0," 65 - Parana, Iguacu"
Renascença,PR,Bedim,PCH.PH.PR.037757-0.1,PCH,Pequena Central Hidrelétrica,Operação,2020-10-28,6000.0,6000.0," 65 - Parana, Iguacu"
Reserva do Iguaçu,PR,Derivação do Rio Jordão,PCH.PH.PR.002398-1.1,PCH,Pequena Central Hidrelétrica,Operação,1997-12-02,6500.0,6500.0," 65 - Parana, Iguacu"
Reserva do Iguaçu,PR,Governador Ney Aminthas de Barros Braga (Segredo),UHE.PH.PR.002715-4.1,UHE,Usina Hidrelétrica,Operação,1992-09-29,1260000.0,1260000.0," 65 - Parana, Iguacu"
Reserva do Iguaçu,PR,Reinhofer,CGH.PH.PR.030069-1.1,CGH,Central Geradora Hidrelétrica,Operação,2010-12-01,396.0,396.0," 65 - Parana, Iguacu"
Ribeirão Claro,PR,Chavantes,UHE.PH.SP.000764-1.1,UHE,Usina Hidrelétrica,Operação,1970-11-30,414000.0,414000.0," 64 - Parana, Paranapanema, Amambai e outros"
Rio Branco do Ivaí,PR,Clairto Zonta,PCH.PH.PR.035147-4.1,PCH,Pequena Central Hidrelétrica,Construção não iniciada,1900-01-03,15000.0,0.0," 64 - Parana, Paranapanema, Amambai e outros"
Rio Branco do Sul,PR,Santa Cruz,CGH.PH.PR.027557-3.2,CGH,Central Geradora Hidrelétrica,Operação,1951-01-01,1500.0,1500.0, 81 - Ribeira do Iguape
Santa Fé,PR,Salto Bandeirantes,PCH.PH.PR.029686-4.1,PCH,Pequena Central Hidrelétrica,Operação,2016-11-24,4200.0,4200.0," 64 - Parana, Paranapanema, Amambai e outros"
Santa Inês,PR,Taquaruçu (Escola Politécnica),UHE.PH.SP.002821-5.1,UHE,Usina Hidrelétrica,Operação,1992-11-12,525000.0,525000.0," 64 - Parana, Paranapanema, Amambai e outros"
Santa Maria do Oeste,PR,Nerinha,CGH.PH.PR.028250-2.1,CGH,Central Geradora Hidrelétrica,Operação,1964-10-29,40.0,40.0," 64 - Parana, Paranapanema, Amambai e outros"
Saudade do Iguaçu,PR,Salto Santiago,UHE.PH.PR.002672-7.1,UHE,Usina Hidrelétrica,Operação,1980-01-01,1420000.0,1420000.0," 65 - Parana, Iguacu"
Sengés,PR,Beira Rio,PCH.PH.PR.035005-2.1,PCH,Pequena Central Hidrelétrica,Construção,1900-01-03,18150.0,0.0," 64 - Parana, Paranapanema, Amambai e outros"
Sengés,PR,Jaguaricatu I,CGH.PH.PR.028017-8.2,CGH,Central Geradora Hidrelétrica,Operação,1972-04-23,2000.0,2000.0," 64 - Parana, Paranapanema, Amambai e outros"
Sengés,PR,Jaguaricatu II,CGH.PH.PR.001231-9.2,CGH,Central Geradora Hidrelétrica,Operação,1981-08-31,2640.0,2640.0," 64 - Parana, Paranapanema, Amambai e outros"
Sengés,PR,Macacos,PCH.PH.PR.035006-0.1,PCH,Pequena Central Hidrelétrica,Operação,2021-02-13,9900.0,9900.0," 64 - Parana, Paranapanema, Amambai e outros"
São Jorge d'Oeste,PR,Generoso,PCH.PH.PR.037573-0.2,PCH,Pequena Central Hidrelétrica,Operação,2017-02-08,8000.0,8000.0," 65 - Parana, Iguacu"
São José dos Pinhais,PR,Chaminé,PCH.PH.PR.000753-6.1,PCH,Pequena Central Hidrelétrica,Operação,1930-01-01,18000.0,18000.0," 82 - Cachoeira, Sao Joao e outros"
São João,PR,Bela Vista,PCH.PH.PR.029576-0.1,PCH,Pequena Central Hidrelétrica,Operação,2021-06-12,29810.0,29810.0," 65 - Parana, Iguacu"
São Pedro do Iguaçu,PR,Padovani,CGH.PH.PR.031187-1.1,CGH,Central Geradora Hidrelétrica,Operação,2014-01-01,459.0,459.0," 64 - Parana, Paranapanema, Amambai e outros"
Tamarana,PR,Apucaraninha,PCH.PH.PR.000122-8.1,PCH,Pequena Central Hidrelétrica,Operação,1949-04-06,10000.0,10000.0," 64 - Parana, Paranapanema, Amambai e outros"
Telêmaco Borba,PR,Governador Jayme Canet Junior (Antiga MAUÁ),UHE.PH.PR.029598-1.1,UHE,Usina Hidrelétrica,Operação,2012-11-23,361000.0,363138.0," 64 - Parana, Paranapanema, Amambai e outros"
Telêmaco Borba,PR,Salto Mauá,PCH.PH.PR.002654-9.1,PCH,Pequena Central Hidrelétrica,Operação,1952-01-26,16319.0,16319.0," 64 - Parana, Paranapanema, Amambai e outros"
Tibagi,PR,Fortaleza,PCH.PH.PR.035274-8.1,PCH,Pequena Central Hidrelétrica,Construção,1900-01-03,13000.0,0.0," 64 - Parana, Paranapanema, Amambai e outros"
Tibagi,PR,Santa Branca,UHE.PH.PR.035290-0.1,UHE,Usina Hidrelétrica,Construção não iniciada,1900-01-03,62000.0,0.0," 64 - Parana, Paranapanema, Amambai e outros"
Tibagi,PR,Tibagi Montante,UHE.PH.PR.032923-1.1,UHE,Usina Hidrelétrica,Operação,2019-10-05,36018.0,36018.0," 64 - Parana, Paranapanema, Amambai e outros"
Toledo,PR,Nova Geração,CGH.PH.PR.075530-3.1,CGH,Central Geradora Hidrelétrica,Construção não iniciada,1900-01-03,1600.0,0.0,
Toledo,PR,São Francisco,PCH.PH.PR.028747-4.1,PCH,Pequena Central Hidrelétrica,Operação,2010-11-30,14000.0,14000.0," 64 - Parana, Paranapanema, Amambai e outros"
Toledo,PR,Toledo Energia Renovavel,CGH.PH.PR.031704-7.1,CGH,Central Geradora Hidrelétrica,Operação,2014-01-30,2700.0,2700.0," 64 - Parana, Paranapanema, Amambai e outros"
Tomazina,PR,Foz da Anta,PCH.PH.PR.029414-4.1,PCH,Pequena Central Hidrelétrica,Construção não iniciada,1900-01-03,12000.0,0.0," 64 - Parana, Paranapanema, Amambai e outros"
Tuneiras do Oeste,PR,Água Tremida,PCH.PH.PR.040826-3.1,PCH,Pequena Central Hidrelétrica,Construção não iniciada,1900-01-03,8000.0,0.0," 64 - Parana, Paranapanema, Amambai e outros"
Turvo,PR,Boa Vista II,PCH.PH.PR.000273-9.1,PCH,Pequena Central Hidrelétrica,Operação,2002-10-15,24000.0,24000.0," 64 - Parana, Paranapanema, Amambai e outros"
Turvo,PR,CABEÇA DE PATO,CGH.PH.PR.035484-8.1,CGH,Central Geradora Hidrelétrica,Operação,2015-12-01,1600.0,1600.0," 64 - Parana, Paranapanema, Amambai e outros"
Turvo,PR,Cachoeira,CGH.PH.PR.028010-0.2,CGH,Central Geradora Hidrelétrica,Operação,1984-11-25,2920.0,2920.0," 64 - Parana, Paranapanema, Amambai e outros"
Turvo,PR,Confluência,PCH.PH.PR.029068-8.1,PCH,Pequena Central Hidrelétrica,Operação,2023-06-20,27435.0,27435.0," 64 - Parana, Paranapanema, Amambai e outros"
Turvo,PR,Cris,CGH.PH.PR.028251-0.1,CGH,Central Geradora Hidrelétrica,Operação,1972-10-14,80.0,80.0," 64 - Parana, Paranapanema, Amambai e outros"
Turvo,PR,Paredinha,PCH.PH.PR.037743-0.1,PCH,Pequena Central Hidrelétrica,Operação,2026-01-07,21000.0,21000.0," 64 - Parana, Paranapanema, Amambai e outros"
Turvo,PR,Rio Bonito I,CGH.PH.PR.029412-8.1,CGH,Central Geradora Hidrelétrica,Operação,1997-09-28,400.0,400.0," 64 - Parana, Paranapanema, Amambai e outros"
Turvo,PR,Rio Bonito I I,CGH.PH.PR.029413-6.1,CGH,Central Geradora Hidrelétrica,Operação,2014-07-09,910.0,910.0," 64 - Parana, Paranapanema, Amambai e outros"
Turvo,PR,Rio Bonito I I I,CGH.PH.PR.038205-1.1,CGH,Central Geradora Hidrelétrica,Operação,2014-07-01,1000.0,1000.0," 64 - Parana, Paranapanema, Amambai e outros"
União da Vitória,PR,Palmital do Meio,CGH.PH.PR.028066-6.1,CGH,Central Geradora Hidrelétrica,Operação,1900-01-03,85.0,85.0," 65 - Parana, Iguacu"
União da Vitória,PR,Salto do Vau,CGH.PH.PR.002642-5.1,CGH,Central Geradora Hidrelétrica,Operação,1959-01-01,940.0,940.0," 65 - Parana, Iguacu"
Verê,PR,Bela Vista,PCH.PH.PR.029576-0.1,PCH,Pequena Central Hidrelétrica,Operação,2021-06-12,29810.0,29810.0," 65 - Parana, Iguacu"
Virmond,PR,Cavernoso,PCH.PH.PR.000729-3.1,PCH,Pequena Central Hidrelétrica,Operação,1959-01-01,1300.0,1300.0," 65 - Parana, Iguacu"
Virmond,PR,Cavernoso II,PCH.PH.PR.030458-1.1,PCH,Pequena Central Hidrelétrica,Operação,2013-05-15,19008.0,19008.0," 65 - Parana, Iguacu"
Virmond,PR,Cavernoso III,PCH.PH.PR.037314-1.1,PCH,Pequena Central Hidrelétrica,Operação,2023-03-23,6500.0,6500.0," 65 - Parana, Iguacu"
Virmond,PR,Tapera 2a,CGH.PH.PR.032690-9.1,CGH,Central Geradora Hidrelétrica,Operação,2023-07-04,4500.0,4500.0," 65 - Parana, Iguacu"
Areal,RJ,Areal,PCH.PH.RJ.000140-6.1,PCH,Pequena Central Hidrelétrica,Operação,1949-01-01,18000.0,18000.0, 58 - Paraiba do Sul
Areal,RJ,Piabanha,PCH.PH.RJ.002051-6.1,PCH,Pequena Central Hidrelétrica,Operação,1908-01-01,9000.0,9000.0, 58 - Paraiba do Sul
Bom Jardim,RJ,Bom Jardim,CGH.PH.RJ.030997-4.1,CGH,Central Geradora Hidrelétrica,Operação,2016-11-04,140.25,140.0, 58 - Paraiba do Sul
Bom Jardim,RJ,Santa Rosa II,PCH.PH.RJ.026732-5.1,PCH,Pequena Central Hidrelétrica,Operação,2008-06-25,30000.0,30000.0, 58 - Paraiba do Sul
Bom Jardim,RJ,Santo Antônio,PCH.PH.RJ.029728-3.1,PCH,Pequena Central Hidrelétrica,Operação,2012-02-04,8000.0,8000.0, 58 - Paraiba do Sul
Bom Jardim,RJ,São José,CGH.PH.RJ.031267-3.1,CGH,Central Geradora Hidrelétrica,Operação,2006-09-20,107.95,107.0, 58 - Paraiba do Sul
Bom Jesus do Itabapoana,RJ,Calheiros,PCH.PH.RJ.027672-3.1,PCH,Pequena Central Hidrelétrica,Operação,2008-09-12,19528.0,19528.0, 57 - Litoraneas do Espirito Santo
Bom Jesus do Itabapoana,RJ,Franca Amaral,PCH.PH.RJ.000992-0.1,PCH,Pequena Central Hidrelétrica,Operação,1961-01-01,4500.0,4500.0, 57 - Litoraneas do Espirito Santo
Bom Jesus do Itabapoana,RJ,Pirapetinga,PCH.PH.ES.028804-7.1,PCH,Pequena Central Hidrelétrica,Operação,2009-08-14,20000.0,20000.0, 57 - Litoraneas do Espirito Santo
Bom Jesus do Itabapoana,RJ,Rosal,UHE.PH.ES.002553-4.1,UHE,Usina Hidrelétrica,Operação,2000-01-18,55000.0,55000.0, 57 - Litoraneas do Espirito Santo
Campos dos Goytacazes,RJ,Pedra do Garrafão,PCH.PH.ES.028805-5.1,PCH,Pequena Central Hidrelétrica,Operação,2009-09-18,19000.0,19000.0, 57 - Litoraneas do Espirito Santo
Cantagalo,RJ,Euclidelândia,CGH.PH.RJ.000922-9.1,CGH,Central Geradora Hidrelétrica,Operação,1949-01-01,1750.0,1750.0,
Cantagalo,RJ,Pedra Lavada,CGH.PH.RJ.032035-8.1,CGH,Central Geradora Hidrelétrica,Operação,2015-05-01,1000.0,1000.0, 58 - Paraiba do Sul
Carmo,RJ,Ilha dos Pombos,UHE.PH.RJ.001113-4.1,UHE,Usina Hidrelétrica,Operação,1924-01-01,187169.0,187169.0, 58 - Paraiba do Sul
Carmo,RJ,Quilombo,CGH.PH.RJ.038155-1.1,CGH,Central Geradora Hidrelétrica,Operação,2019-10-01,3000.0,3000.0, 58 - Paraiba do Sul
Comendador Levy Gasparian,RJ,Bonfante,PCH.PH.MG.000291-7.1,PCH,Pequena Central Hidrelétrica,Operação,2008-08-02,19000.0,19000.0, 58 - Paraiba do Sul
Comendador Levy Gasparian,RJ,Monte Serrat,PCH.PH.RJ.001498-2.1,PCH,Pequena Central Hidrelétrica,Operação,2009-02-13,25000.0,25000.0, 58 - Paraiba do Sul
Comendador Levy Gasparian,RJ,Santa Fé I,PCH.PH.RJ.028752-0.1,PCH,Pequena Central Hidrelétrica,Operação,2008-05-09,30000.0,30000.0, 58 - Paraiba do Sul
Cordeiro,RJ,Santa Rosa II,PCH.PH.RJ.026732-5.1,PCH,Pequena Central Hidrelétrica,Operação,2008-06-25,30000.0,30000.0, 58 - Paraiba do Sul
Itaperuna,RJ,Comendador Venãncio,CGH.PH.RJ.029111-0.2,CGH,Central Geradora Hidrelétrica,Operação,2005-03-29,1600.0,1600.0, 58 - Paraiba do Sul
Itatiaia,RJ,Funil,UHE.PH.RJ.027118-7.1,UHE,Usina Hidrelétrica,Operação,1970-03-20,216000.0,216000.0, 58 - Paraiba do Sul
Magé,RJ,Andorinhas II,CGH.PH.RJ.000769-2.1,CGH,Central Geradora Hidrelétrica,Operação,2016-04-30,686.0,686.0, 59 - Litoraneas do Rio de Janeiro
Miguel Pereira,RJ,Santa Branca,CGH.PH.RJ.027447-0.1,CGH,Central Geradora Hidrelétrica,Operação,1952-02-01,800.0,800.0, 59 - Litoraneas do Rio de Janeiro
Nova Friburgo,RJ,Hans,CGH.PH.RJ.001083-9.1,CGH,Central Geradora Hidrelétrica,Operação,2012-01-01,300.0,300.0, 58 - Paraiba do Sul
Nova Friburgo,RJ,Jph Catete,CGH.PH.RJ.049356-2.1,CGH,Central Geradora Hidrelétrica,Operação,2020-09-10,1764.0,1764.0, 58 - Paraiba do Sul
Nova Friburgo,RJ,Xavier,PCH.PH.RJ.003058-9.1,PCH,Pequena Central Hidrelétrica,Construção não iniciada,1900-01-03,9800.0,0.0, 58 - Paraiba do Sul
Paracambi,RJ,Paracambi,PCH.PH.RJ.001959-3.1,PCH,Pequena Central Hidrelétrica,Operação,2012-05-18,25000.0,25000.0, 59 - Litoraneas do Rio de Janeiro
Paraíba do Sul,RJ,Fagundes,CGH.PH.RJ.000928-8.2,CGH,Central Geradora Hidrelétrica,Operação,1923-02-27,4800.0,4800.0, 58 - Paraiba do Sul
Paraíba do Sul,RJ,Secretário,PCH.PH.RJ.032922-3.2,PCH,Pequena Central Hidrelétrica,Operação,2018-08-02,2680.0,2680.0, 58 - Paraiba do Sul
Paty do Alferes,RJ,Avelar,CGH.PH.RJ.030070-5.1,CGH,Central Geradora Hidrelétrica,Operação,1900-01-03,1000.0,1000.0, 58 - Paraiba do Sul
Petrópolis,RJ,Rio Bonito Tres Vales,CGH.PH.RJ.030620-7.1,CGH,Central Geradora Hidrelétrica,Operação,2015-02-01,796.0,796.0, 58 - Paraiba do Sul
Piraí,RJ,Fontes Nova,UHE.PH.RJ.000973-3.1,UHE,Usina Hidrelétrica,Operação,1940-01-01,131988.0,131988.0, 59 - Litoraneas do Rio de Janeiro
Piraí,RJ,Lajes (Fontes Velha),PCH.PH.RJ.001306-4.1,PCH,Pequena Central Hidrelétrica,Operação,2018-07-21,17000.0,17000.0, 59 - Litoraneas do Rio de Janeiro
Piraí,RJ,Nilo Peçanha,UHE.PH.RJ.001536-9.1,UHE,Usina Hidrelétrica,Operação,1953-01-01,380030.0,380030.0, 59 - Litoraneas do Rio de Janeiro
Piraí,RJ,Pereira Passos,UHE.PH.RJ.002043-5.1,UHE,Usina Hidrelétrica,Operação,1962-01-01,99900.0,99900.0, 59 - Litoraneas do Rio de Janeiro
Resende,RJ,Funil,UHE.PH.RJ.027118-7.1,UHE,Usina Hidrelétrica,Operação,1970-03-20,216000.0,216000.0, 58 - Paraiba do Sul
Rio Claro,RJ,Braço,PCH.PH.RJ.030001-2.1,PCH,Pequena Central Hidrelétrica,Operação,2011-02-01,11155.0,11155.0, 58 - Paraiba do Sul
Rio Claro,RJ,Fazenda Santana,PCH.PH.RJ.029515-9.1,PCH,Pequena Central Hidrelétrica,Construção não iniciada,1900-01-03,9594.0,0.0, 58 - Paraiba do Sul
Santa Maria Madalena,RJ,Caju,PCH.PH.RJ.029726-7.1,PCH,Pequena Central Hidrelétrica,Operação,2011-03-17,10000.0,10000.0, 58 - Paraiba do Sul
Santa Maria Madalena,RJ,Jambo,PCH.PH.RJ.029433-0.1,PCH,Pequena Central Hidrelétrica,Construção,1900-01-03,14000.0,0.0, 58 - Paraiba do Sul
Santa Maria Madalena,RJ,São Sebastião do Alto,PCH.PH.RJ.029727-5.1,PCH,Pequena Central Hidrelétrica,Operação,2011-08-19,13200.0,13200.0, 58 - Paraiba do Sul
Santa Maria Madalena,RJ,Tudelândia,PCH.PH.RJ.028798-9.1,PCH,Pequena Central Hidrelétrica,Operação,2010-05-22,2547.0,2547.0, 58 - Paraiba do Sul
Sapucaia,RJ,Simplício,UHE.PH.MG.029458-6.1,UHE,Usina Hidrelétrica,Operação,2013-06-05,333700.0,333700.0, 58 - Paraiba do Sul
Sumidouro,RJ,Dona Mariana,CGH.PH.RJ.064849-3.1,CGH,Central Geradora Hidrelétrica,Operação,1930-01-01,34.3,34.0, 58 - Paraiba do Sul
Sumidouro,RJ,Fazenda Santa Cruz,CGH.PH.RJ.065121-4.1,CGH,Central Geradora Hidrelétrica,Operação,1911-01-01,19.6,19.0, 58 - Paraiba do Sul
Sumidouro,RJ,Nossa Sra do Paquequer,CGH.PH.RJ.032590-2.1,CGH,Central Geradora Hidrelétrica,Operação,2002-10-22,17.64,17.0, 58 - Paraiba do Sul
São José do Vale do Rio Preto,RJ,Poço Fundo,PCH.PH.RJ.030600-2.1,PCH,Pequena Central Hidrelétrica,Operação,2020-10-02,14000.0,14000.0, 58 - Paraiba do Sul
São Sebastião do Alto,RJ,Caju,PCH.PH.RJ.029726-7.1,PCH,Pequena Central Hidrelétrica,Operação,2011-03-17,10000.0,10000.0, 58 - Paraiba do Sul
São Sebastião do Alto,RJ,Jambo,PCH.PH.RJ.029433-0.1,PCH,Pequena Central Hidrelétrica,Construção,1900-01-03,14000.0,0.0, 58 - Paraiba do Sul
São Sebastião do Alto,RJ,São Sebastião do Alto,PCH.PH.RJ.029727-5.1,PCH,Pequena Central Hidrelétrica,Operação,2011-08-19,13200.0,13200.0, 58 - Paraiba do Sul
Teresópolis,RJ,Lito Mendes,CGH.PH.RJ.028926-4.1,CGH,Central Geradora Hidrelétrica,Operação,1996-12-27,49.8,49.0, 58 - Paraiba do Sul
Trajano de Morais,RJ,Macabu,PCH.PH.RJ.001347-1.1,PCH,Pequena Central Hidrelétrica,Operação,1950-01-01,21000.0,21000.0, 59 - Litoraneas do Rio de Janeiro
Três Rios,RJ,Santa Fé I,PCH.PH.RJ.028752-0.1,PCH,Pequena Central Hidrelétrica,Operação,2008-05-09,30000.0,30000.0, 58 - Paraiba do Sul
Três Rios,RJ,Simplício,UHE.PH.MG.029458-6.1,UHE,Usina Hidrelétrica,Operação,2013-06-05,333700.0,333700.0, 58 - Paraiba do Sul
Valença,RJ,Santa Rosa,CGH.PH.RJ.000960-1.1,CGH,Central Geradora Hidrelétrica,Operação,1978-09-18,680.0,680.0, 58 - Paraiba do Sul
Açu,RN,Armando Ribeiro,PCH.PH.RN.035096-6.1,PCH,Pequena Central Hidrelétrica,Operação,2021-01-01,4700.0,4700.0," 37 - Piranhas, Acu e outros"
Alta Floresta d´Oeste,RO,Alta Floresta,CGH.PH.RO.000058-2.2,CGH,Central Geradora Hidrelétrica,Operação,1993-03-22,5000.0,5000.0, 15 - Madeira
Alta Floresta d´Oeste,RO,Cachoeira Cachimbo Alto,PCH.PH.RO.030573-1.1,PCH,Pequena Central Hidrelétrica,Operação,2017-09-01,12000.0,12000.0, 15 - Madeira
Alta Floresta d´Oeste,RO,Fazenda Figueirão,CGH.PH.RO.028662-1.1,CGH,Central Geradora Hidrelétrica,Operação,1900-01-03,40.0,40.0, 15 - Madeira
Alta Floresta d´Oeste,RO,Figueira,PCH.PH.RO.029758-5.1,PCH,Pequena Central Hidrelétrica,Operação,2017-07-26,1400.0,1400.0, 15 - Madeira
Alta Floresta d´Oeste,RO,Monte Belo,PCH.PH.RO.027072-5.1,PCH,Pequena Central Hidrelétrica,Operação,2001-06-01,4800.0,4800.0, 15 - Madeira
Alta Floresta d´Oeste,RO,Rio Branco,PCH.PH.RO.028026-7.1,PCH,Pequena Central Hidrelétrica,Operação,2004-12-31,6900.0,6900.0, 15 - Madeira
Alta Floresta d´Oeste,RO,Saldanha,PCH.PH.RO.002569-0.1,PCH,Pequena Central Hidrelétrica,Operação,2006-03-13,5280.0,5280.0, 15 - Madeira
Alta Floresta d´Oeste,RO,Santa Luzia D’oeste,CGH.PH.RO.026716-3.2,CGH,Central Geradora Hidrelétrica,Operação,1993-07-01,3000.0,3000.0, 15 - Madeira
Alta Floresta d´Oeste,RO,Ângelo Cassol,PCH.PH.RO.028849-7.1,PCH,Pequena Central Hidrelétrica,Operação,2011-04-20,3600.0,3600.0, 15 - Madeira
Alto Alegre do Parecis,RO,Santa Luzia D’oeste,CGH.PH.RO.026716-3.2,CGH,Central Geradora Hidrelétrica,Operação,1993-07-01,3000.0,3000.0, 15 - Madeira
Ariquemes,RO,Canaã,PCH.PH.RO.029436-5.1,PCH,Pequena Central Hidrelétrica,Operação,2015-03-10,17000.0,17000.0, 15 - Madeira
Ariquemes,RO,Jamari,PCH.PH.RO.029435-7.1,PCH,Pequena Central Hidrelétrica,Operação,2015-01-09,20000.0,20000.0, 15 - Madeira
Chupinguaia,RO,CHUPINGUAIA,CGH.PH.RO.075432-3.1,CGH,Central Geradora Hidrelétrica,Operação,1995-01-31,1260.0,1260.0,
Chupinguaia,RO,Cascata Chupinguaia,PCH.PH.RO.029373-3.1,PCH,Pequena Central Hidrelétrica,Operação,2009-12-11,9600.0,9600.0, 15 - Madeira
Chupinguaia,RO,Cesar Filho,PCH.PH.RO.031050-6.1,PCH,Pequena Central Hidrelétrica,Operação,2014-03-22,7000.0,7000.0, 15 - Madeira
Chupinguaia,RO,Urubu,PCH.PH.RO.029526-4.1,PCH,Pequena Central Hidrelétrica,Construção não iniciada,1900-01-03,21000.0,0.0, 15 - Madeira
Colorado do Oeste,RO,Castaman II,CGH.PH.RO.028083-6.2,CGH,Central Geradora Hidrelétrica,Operação,1996-06-10,950.0,950.0, 15 - Madeira
Colorado do Oeste,RO,Margarida Lltda,CGH.PH.RO.028099-2.4,CGH,Central Geradora Hidrelétrica,Operação,1997-02-02,1480.0,1480.0, 15 - Madeira
Colorado do Oeste,RO,Rio Enganado,CGH.PH.RO.027963-3.2,CGH,Central Geradora Hidrelétrica,Operação,1992-06-16,2000.0,2000.0, 15 - Madeira
Corumbiara,RO,Cascata Chupinguaia,PCH.PH.RO.029373-3.1,PCH,Pequena Central Hidrelétrica,Operação,2009-12-11,9600.0,9600.0, 15 - Madeira
Monte Negro,RO,Santa Cruz de Monte Negro,PCH.PH.RO.029434-9.1,PCH,Pequena Central Hidrelétrica,Operação,2014-06-19,17010.0,17010.0, 15 - Madeira
Parecis,RO,Cesar Filho,PCH.PH.RO.031050-6.1,PCH,Pequena Central Hidrelétrica,Operação,2014-03-22,7000.0,7000.0, 15 - Madeira
Pimenta Bueno,RO,Primavera,PCH.PH.RO.028840-3.1,PCH,Pequena Central Hidrelétrica,Operação,2007-02-07,25700.0,25700.0, 15 - Madeira
Pimenta Bueno,RO,Rondon II,UHE.PH.RO.027448-8.1,UHE,Usina Hidrelétrica,Operação,2011-03-31,73500.0,73500.0, 15 - Madeira
Pimenta Bueno,RO,São Paulo do Pimenta Bueno,PCH.PH.RO.029682-1.1,PCH,Pequena Central Hidrelétrica,Construção,1900-01-03,30000.0,0.0, 15 - Madeira
Pimenteiras do Oeste,RO,São João PA,CGH.PH.RO.027161-6.2,CGH,Central Geradora Hidrelétrica,Operação,2017-10-01,3804.42,3804.0, 15 - Madeira
Porto Velho,RO,Jirau,UHE.PH.RO.029736-4.1,UHE,Usina Hidrelétrica,Operação,2013-09-06,3750000.0,3750000.0, 15 - Madeira
Porto Velho,RO,Samuel,UHE.PH.RO.002687-5.1,UHE,Usina Hidrelétrica,Operação,1989-07-17,216750.0,216750.0, 15 - Madeira
Porto Velho,RO,Santo Antônio,UHE.PH.RO.029707-0.1,UHE,Usina Hidrelétrica,Operação,2012-03-30,3568000.0,3568000.0, 15 - Madeira
Primavera de Rondônia,RO,Primavera,PCH.PH.RO.028840-3.1,PCH,Pequena Central Hidrelétrica,Operação,2007-02-07,25700.0,25700.0, 15 - Madeira
Primavera de Rondônia,RO,São Paulo do Pimenta Bueno,PCH.PH.RO.029682-1.1,PCH,Pequena Central Hidrelétrica,Construção,1900-01-03,30000.0,0.0, 15 - Madeira
Vilhena,RO,Apertadinho,PCH.PH.RO.028492-0.1,PCH,Pequena Central Hidrelétrica,Construção,1900-01-03,30000.0,0.0, 15 - Madeira
Vilhena,RO,Cabixi I,CGH.PH.RO.027042-3.1,CGH,Central Geradora Hidrelétrica,Operação,1995-01-21,2700.0,2700.0, 15 - Madeira
Vilhena,RO,Cachoeira,PCH.PH.RO.000396-4.1,PCH,Pequena Central Hidrelétrica,Operação,1997-04-05,11120.0,11120.0, 15 - Madeira
Vilhena,RO,Cachoeira do Cambara,CGH.PH.RO.032220-2.1,CGH,Central Geradora Hidrelétrica,Operação,2014-07-14,3500.0,3500.0, 15 - Madeira
Vilhena,RO,Marcol,CGH.PH.RO.001412-5.2,CGH,Central Geradora Hidrelétrica,Operação,2011-11-24,2500.2,2500.0, 15 - Madeira
Vilhena,RO,Martinuv,CGH.PH.RO.029211-7.1,CGH,Central Geradora Hidrelétrica,Operação,2005-09-30,1840.0,1840.0, 15 - Madeira
Vilhena,RO,Poço,CGH.PH.RO.030052-7.1,CGH,Central Geradora Hidrelétrica,Operação,2015-05-19,720.0,720.0, 15 - Madeira
Vilhena,RO,Rio Vermelho,CGH.PH.RO.002530-5.2,CGH,Central Geradora Hidrelétrica,Operação,1986-11-04,2560.0,2560.0, 15 - Madeira
São João da Baliza,RR,Alto Jatapu,UHE.PH.RR.000076-0.1,UHE,Usina Hidrelétrica,Operação,1992-08-01,10000.0,10000.0," 16 - Amazonas, entre os rios Madeira e Trombetas"
Agudo,RS,Dona Francisca,UHE.PH.RS.027012-1.1,UHE,Usina Hidrelétrica,Operação,2001-02-05,125000.0,125000.0, 85 - Alto Jacui
Ajuricaba,RS,MAMBUCA,CGH.PH.RS.037128-9.1,CGH,Central Geradora Hidrelétrica,Operação,2016-09-26,1000.0,1000.0," 75 - Uruguai, Ijui, piratinim e outros"
Almirante Tamandaré do Sul,RS,Mata Cobra,CGH.PH.RS.001433-8.2,CGH,Central Geradora Hidrelétrica,Operação,1973-01-17,2880.0,2880.0," 74 - Uruguai, Varzea, Turvo e outros"
Alpestre,RS,Foz do Chapecó,UHE.PH.RS.028354-1.1,UHE,Usina Hidrelétrica,Operação,2010-10-14,855000.0,855000.0," 73 - Uruguai, Chapeco,Passo Fundo e outros"
André da Rocha,RS,Chimarrão,PCH.PH.RS.035481-3.1,PCH,Pequena Central Hidrelétrica,Operação,2023-06-06,11825.0,11825.0, 86 - Taquari
André da Rocha,RS,Fazenda Velha,PCH.PH.RS.035546-1.1,PCH,Pequena Central Hidrelétrica,Construção não iniciada,1900-01-03,7300.0,0.0, 86 - Taquari
André da Rocha,RS,Jardim,PCH.PH.RS.030887-0.1,PCH,Pequena Central Hidrelétrica,Operação,2018-01-26,9000.0,9000.0, 86 - Taquari
André da Rocha,RS,Santa Carolina,PCH.PH.RS.030723-8.1,PCH,Pequena Central Hidrelétrica,Operação,2016-03-11,10500.0,10500.0, 86 - Taquari
Anta Gorda,RS,Monte Cuco,PCH.PH.RS.028843-8.1,PCH,Pequena Central Hidrelétrica,Construção não iniciada,1900-01-03,30000.0,0.0, 86 - Taquari
Antônio Prado,RS,Da Ilha,PCH.PH.RS.028725-3.1,PCH,Pequena Central Hidrelétrica,Operação,2008-04-15,26000.0,26000.0, 86 - Taquari
Aratiba,RS,Itá,UHE.PH.RS.001152-5.1,UHE,Usina Hidrelétrica,Operação,2000-06-15,1450000.0,1450000.0," 73 - Uruguai, Chapeco,Passo Fundo e outros"
Barracão,RS,Esmeralda,PCH.PH.RS.028430-0.1,PCH,Pequena Central Hidrelétrica,Operação,2006-12-23,22200.0,22200.0, 70 - Pelotas
Barracão,RS,Moinho,PCH.PH.RS.029725-9.1,PCH,Pequena Central Hidrelétrica,Operação,2011-09-17,13700.0,13700.0, 70 - Pelotas
Barracão,RS,Ouro,PCH.PH.RS.028968-0.1,PCH,Pequena Central Hidrelétrica,Operação,2009-07-08,16000.0,16000.0," 72 - Uruguai, Inhanduva, Peixe e outros"
Barracão,RS,São Bernardo,PCH.PH.RS.028431-9.1,PCH,Pequena Central Hidrelétrica,Operação,2006-08-05,15000.0,15000.0, 70 - Pelotas
Barão do Triunfo,RS,Morrinhos,CGH.PH.RS.030407-7.2,CGH,Central Geradora Hidrelétrica,Operação,2014-11-24,2250.0,2250.0," 87 - Camaqua, Jacui, lagoa dos Patos e outros"
Bento Gonçalves,RS,14 de Julho,UHE.PH.RS.000012-4.1,UHE,Usina Hidrelétrica,Operação,2008-12-25,100000.0,100000.0, 86 - Taquari
Bento Gonçalves,RS,Barracão,CGH.PH.RS.028895-0.1,CGH,Central Geradora Hidrelétrica,Operação,2008-11-03,810.0,810.0, 86 - Taquari
Bento Gonçalves,RS,Monte Claro,UHE.PH.RS.027968-4.1,UHE,Usina Hidrelétrica,Operação,2004-12-29,130000.0,130000.0, 86 - Taquari
Boa Vista do Cadeado,RS,Formigueiro,CGH.PH.RS.050288-0.1,CGH,Central Geradora Hidrelétrica,Operação,2020-10-31,1750.0,1750.0," 75 - Uruguai, Ijui, piratinim e outros"
Boa Vista do Cadeado,RS,Igrejinha,CGH.PH.RS.034672-1.2,CGH,Central Geradora Hidrelétrica,Operação,2020-11-10,4850.0,4850.0," 75 - Uruguai, Ijui, piratinim e outros"
Bom Jesus,RS,Cerquinha II,PCH.PH.RS.035554-2.1,PCH,Pequena Central Hidrelétrica,Construção não iniciada,1900-01-03,9500.0,0.0, 70 - Pelotas
Bom Jesus,RS,Cerquinha III,PCH.PH.RS.035555-0.1,PCH,Pequena Central Hidrelétrica,Construção não iniciada,1900-01-03,7270.0,0.0, 70 - Pelotas
Bom Jesus,RS,Passo do Meio,PCH.PH.RS.001999-2.1,PCH,Pequena Central Hidrelétrica,Operação,2003-10-17,30000.0,30000.0, 86 - Taquari
Bom Jesus,RS,Pezzi,PCH.PH.RS.028988-4.1,PCH,Pequena Central Hidrelétrica,Operação,2012-10-31,19000.0,19000.0, 86 - Taquari
Bom Jesus,RS,Serra dos Cavalinhos I,PCH.PH.RS.031324-6.1,PCH,Pequena Central Hidrelétrica,Operação,2017-01-04,25000.0,25000.0, 86 - Taquari
Bom Jesus,RS,Touros IV,PCH.PH.RS.033830-3.1,PCH,Pequena Central Hidrelétrica,Construção não iniciada,1900-01-03,5750.0,0.0, 70 - Pelotas
Braga,RS,Marco Baldo,PCH.PH.RS.028967-1.1,PCH,Pequena Central Hidrelétrica,Operação,2011-05-20,16750.0,16750.0," 74 - Uruguai, Varzea, Turvo e outros"
Braga,RS,Toca do Tigre,PCH.PH.RS.028969-8.1,PCH,Pequena Central Hidrelétrica,Operação,2013-02-23,11840.3,11840.0," 74 - Uruguai, Varzea, Turvo e outros"
Camargo,RS,Camargo,CGH.PH.RS.029359-8.1,CGH,Central Geradora Hidrelétrica,Operação,2002-01-01,200.0,200.0, 86 - Taquari
Campestre da Serra,RS,Trabuco,CGH.PH.RS.031330-0.1,CGH,Central Geradora Hidrelétrica,Operação,2014-02-11,2000.0,2000.0, 86 - Taquari
Campina das Missões,RS,Caraguatá,CGH.PH.RS.028740-7.1,CGH,Central Geradora Hidrelétrica,Operação,2004-10-01,953.1,953.0," 74 - Uruguai, Varzea, Turvo e outros"
Campo Novo,RS,Carlos Gonzatto (Antiga Turvo 6),PCH.PH.RS.028030-5.1,PCH,Pequena Central Hidrelétrica,Operação,2006-04-01,9000.0,9000.0," 74 - Uruguai, Varzea, Turvo e outros"
Campo Novo,RS,Marco Baldo,PCH.PH.RS.028967-1.1,PCH,Pequena Central Hidrelétrica,Operação,2011-05-20,16750.0,16750.0," 74 - Uruguai, Varzea, Turvo e outros"
Campo Novo,RS,Toca do Tigre,PCH.PH.RS.028969-8.1,PCH,Pequena Central Hidrelétrica,Operação,2013-02-23,11840.3,11840.0," 74 - Uruguai, Varzea, Turvo e outros"
Campo Novo,RS,Turvo,CGH.PH.RS.027325-2.1,CGH,Central Geradora Hidrelétrica,Operação,1900-01-03,70.0,70.0," 74 - Uruguai, Varzea, Turvo e outros"
Canela,RS,Bugres,UHE.PH.RS.000324-7.1,UHE,Usina Hidrelétrica,Operação,1952-07-01,17620.0,11120.0," 87 - Camaqua, Jacui, lagoa dos Patos e outros"
Canela,RS,Canastra,UHE.PH.RS.000635-1.1,UHE,Usina Hidrelétrica,Operação,1905-05-09,44800.0,44800.0," 87 - Camaqua, Jacui, lagoa dos Patos e outros"
Capão Bonito do Sul,RS,Dona Mirian,CGH.PH.RS.028941-8.1,CGH,Central Geradora Hidrelétrica,Operação,2001-06-11,420.0,420.0," 72 - Uruguai, Inhanduva, Peixe e outros"
Casca,RS,Santo Antônio de Casca,CGH.PH.RS.038225-6.1,CGH,Central Geradora Hidrelétrica,Operação,2017-09-01,990.0,990.0, 86 - Taquari
Caxias do Sul,RS,Bertussi,CGH.PH.RS.030796-3.1,CGH,Central Geradora Hidrelétrica,Operação,2011-06-28,1000.0,1000.0, 86 - Taquari
Caxias do Sul,RS,Criúva,PCH.PH.RS.029002-5.1,PCH,Pequena Central Hidrelétrica,Operação,2010-05-12,23949.0,23949.0, 86 - Taquari
Caxias do Sul,RS,Galopolis,CGH.PH.RS.029714-3.2,CGH,Central Geradora Hidrelétrica,Operação,2007-12-20,1500.0,1500.0," 87 - Camaqua, Jacui, lagoa dos Patos e outros"
Caxias do Sul,RS,Galópolis,CGH.PH.RS.028886-1.1,CGH,Central Geradora Hidrelétrica,Operação,1900-01-03,540.0,540.0," 87 - Camaqua, Jacui, lagoa dos Patos e outros"
Caxias do Sul,RS,Palanquinho,PCH.PH.RS.029001-7.1,PCH,Pequena Central Hidrelétrica,Operação,2010-07-13,24165.0,24165.0, 86 - Taquari
Caxias do Sul,RS,Rio São Marcos,PCH.PH.RS.029077-7.1,PCH,Pequena Central Hidrelétrica,Operação,2004-12-31,2200.0,2200.0, 86 - Taquari
Cerro Grande,RS,Linha Aparecida,PCH.PH.RS.030636-3.1,PCH,Pequena Central Hidrelétrica,Construção não iniciada,1900-01-03,25406.91,0.0," 74 - Uruguai, Varzea, Turvo e outros"
Chiapeta,RS,Nilo BonfantI (Antiga Cascata do Buricá),CGH.PH.RS.029022-0.1,CGH,Central Geradora Hidrelétrica,Operação,1999-08-15,680.0,680.0," 74 - Uruguai, Varzea, Turvo e outros"
Condor,RS,João Do Passo,CGH.PH.RS.075069-7.1,CGH,Central Geradora Hidrelétrica,Operação,2022-02-17,522.0,522.0," 75 - Uruguai, Ijui, piratinim e outros"
Condor,RS,MAMBUCA,CGH.PH.RS.037128-9.1,CGH,Central Geradora Hidrelétrica,Operação,2016-09-26,1000.0,1000.0," 75 - Uruguai, Ijui, piratinim e outros"
Condor,RS,Rio Alegre,CGH.PH.RS.002280-2.1,CGH,Central Geradora Hidrelétrica,Operação,2000-01-01,760.0,760.0," 75 - Uruguai, Ijui, piratinim e outros"
Condor,RS,Rio Palmeiras,CGH.PH.RS.002430-9.1,CGH,Central Geradora Hidrelétrica,Operação,1945-01-01,740.0,740.0," 75 - Uruguai, Ijui, piratinim e outros"
Coqueiro Baixo,RS,Vale do Leite,PCH.PH.RS.032823-5.1,PCH,Pequena Central Hidrelétrica,Construção,1900-01-03,6400.0,0.0, 86 - Taquari
Coronel Barros,RS,Linha Onze Oeste,PCH.PH.RS.037413-0.1,PCH,Pequena Central Hidrelétrica,Operação,2025-03-15,23600.0,23600.0," 75 - Uruguai, Ijui, piratinim e outros"
Coronel Bicaco,RS,Turvo,CGH.PH.RS.027325-2.1,CGH,Central Geradora Hidrelétrica,Operação,1900-01-03,70.0,70.0," 74 - Uruguai, Varzea, Turvo e outros"
Cotiporã,RS,14 de Julho,UHE.PH.RS.000012-4.1,UHE,Usina Hidrelétrica,Operação,2008-12-25,100000.0,100000.0, 86 - Taquari
Cotiporã,RS,Cotiporã,PCH.PH.RS.027877-7.1,PCH,Pequena Central Hidrelétrica,Operação,2008-12-23,19500.0,19500.0, 86 - Taquari
Crissiumal,RS,Caa Yari,CGH.PH.RS.029212-5.1,CGH,Central Geradora Hidrelétrica,Operação,2014-04-01,1000.0,1000.0," 74 - Uruguai, Varzea, Turvo e outros"
Cristal do Sul,RS,Braga,CGH.PH.RS.028510-2.1,CGH,Central Geradora Hidrelétrica,Operação,2004-05-04,520.0,520.0," 74 - Uruguai, Varzea, Turvo e outros"
Dezesseis de Novembro,RS,Passo São João,UHE.PH.RS.029456-0.1,UHE,Usina Hidrelétrica,Operação,2012-03-24,77000.0,77000.0," 75 - Uruguai, Ijui, piratinim e outros"
Dois Irmãos,RS,Picada 48,CGH.PH.RS.002054-0.1,CGH,Central Geradora Hidrelétrica,Operação,2012-12-20,1270.0,1270.0," 87 - Camaqua, Jacui, lagoa dos Patos e outros"
Dois Lajeados,RS,Linha Emília,PCH.PH.RS.027876-9.1,PCH,Pequena Central Hidrelétrica,Operação,2009-01-31,19500.0,19500.0, 86 - Taquari
Encruzilhada do Sul,RS,Abranjo I,CGH.PH.RS.030400-0.2,CGH,Central Geradora Hidrelétrica,Operação,2014-05-01,4860.0,4860.0," 87 - Camaqua, Jacui, lagoa dos Patos e outros"
Entre Rios do Sul,RS,Passo Fundo,UHE.PH.RS.002001-0.1,UHE,Usina Hidrelétrica,Operação,1973-03-30,226000.0,226000.0," 73 - Uruguai, Chapeco,Passo Fundo e outros"
Entre-Ijuís,RS,Ijuizinho,PCH.PH.RS.001108-8.1,PCH,Pequena Central Hidrelétrica,Operação,1998-12-02,3600.0,3600.0," 75 - Uruguai, Ijui, piratinim e outros"
Entre-Ijuís,RS,Rincão,PCH.PH.RS.031956-2.1,PCH,Pequena Central Hidrelétrica,Operação,2020-09-10,10000.0,10000.0," 75 - Uruguai, Ijui, piratinim e outros"
Erechim,RS,Águas Termais da Cascata Nazzari,CGH.PH.RS.027712-6.1,CGH,Central Geradora Hidrelétrica,Operação,1983-01-01,144.0,144.0," 72 - Uruguai, Inhanduva, Peixe e outros"
Erval Seco,RS,Edelweiss,PCH.PH.RS.037566-7.1,PCH,Pequena Central Hidrelétrica,Construção não iniciada,1900-01-03,6000.0,0.0," 74 - Uruguai, Varzea, Turvo e outros"
Erval Seco,RS,Ferradura,PCH.PH.RS.027885-8.1,PCH,Pequena Central Hidrelétrica,Operação,2003-12-31,9200.0,9200.0," 74 - Uruguai, Varzea, Turvo e outros"
Erval Seco,RS,Frederico João Cerutti SA,CGH.PH.RS.029037-8.1,CGH,Central Geradora Hidrelétrica,Operação,2003-12-30,1200.0,1200.0," 74 - Uruguai, Varzea, Turvo e outros"
Erval Seco,RS,Guarita,CGH.PH.RS.001076-6.1,CGH,Central Geradora Hidrelétrica,Operação,1953-01-01,1760.0,1760.0," 74 - Uruguai, Varzea, Turvo e outros"
Erval Seco,RS,Linha Granja Velha,CGH.PH.RS.028572-2.1,CGH,Central Geradora Hidrelétrica,Operação,2001-01-21,1000.0,1000.0," 74 - Uruguai, Varzea, Turvo e outros"
Erval Seco,RS,Rio Fortaleza,CGH.PH.RS.027100-4.1,CGH,Central Geradora Hidrelétrica,Operação,1999-07-01,880.0,880.0," 74 - Uruguai, Varzea, Turvo e outros"
Erval Seco,RS,Tambaú,PCH.PH.RS.030064-0.1,PCH,Pequena Central Hidrelétrica,Operação,2013-03-28,8806.0,8806.0," 74 - Uruguai, Varzea, Turvo e outros"
Esmeralda,RS,Barra Grande,UHE.PH.RS.027556-5.1,UHE,Usina Hidrelétrica,Operação,2005-11-01,690000.0,690000.0, 70 - Pelotas
Esmeralda,RS,São Bernardo,PCH.PH.RS.028431-9.1,PCH,Pequena Central Hidrelétrica,Operação,2006-08-05,15000.0,15000.0, 70 - Pelotas
Estrela,RS,Boa Vista,CGH.PH.RS.030204-0.1,CGH,Central Geradora Hidrelétrica,Operação,2005-10-28,705.75,705.0, 86 - Taquari
Eugênio de Castro,RS,Ijuizinho,PCH.PH.RS.027405-4.1,PCH,Pequena Central Hidrelétrica,Operação,1950-01-01,1118.0,1118.0," 75 - Uruguai, Ijui, piratinim e outros"
Faxinalzinho,RS,Monjolinho (Antiga Alzir dos Santos Antunes),UHE.PH.RS.028562-5.1,UHE,Usina Hidrelétrica,Operação,2009-09-01,74000.0,74000.0," 73 - Uruguai, Chapeco,Passo Fundo e outros"
Flores da Cunha,RS,Dona Maria Piana,CGH.PH.RS.028204-9.1,CGH,Central Geradora Hidrelétrica,Operação,2009-03-15,1000.0,1000.0, 86 - Taquari
Floriano Peixoto,RS,Abaúna,CGH.PH.RS.000015-9.1,CGH,Central Geradora Hidrelétrica,Operação,2000-10-15,720.0,720.0," 72 - Uruguai, Inhanduva, Peixe e outros"
Fontoura Xavier,RS,Soledade,CGH.PH.RS.000931-8.3,CGH,Central Geradora Hidrelétrica,Operação,2019-05-01,1196.0,1196.0, 86 - Taquari
Fontoura Xavier,RS,Taipinha,CGH.PH.RS.030668-1.1,CGH,Central Geradora Hidrelétrica,Operação,2011-11-13,864.0,864.0, 86 - Taquari
Gaurama,RS,Águas Termais da Cascata Nazzari,CGH.PH.RS.027712-6.1,CGH,Central Geradora Hidrelétrica,Operação,1983-01-01,144.0,144.0," 72 - Uruguai, Inhanduva, Peixe e outros"
Getúlio Vargas,RS,Fazenda Santa Sofia,CGH.PH.RS.027800-9.1,CGH,Central Geradora Hidrelétrica,Operação,1990-01-01,94.0,94.0," 72 - Uruguai, Inhanduva, Peixe e outros"
Giruá,RS,Claudino Fernando Picolli,CGH.PH.RS.029542-6.1,CGH,Central Geradora Hidrelétrica,Operação,2007-02-23,439.9,439.0," 74 - Uruguai, Varzea, Turvo e outros"
Guaporé,RS,Autódromo,PCH.PH.RS.029071-8.1,PCH,Pequena Central Hidrelétrica,Operação,2011-11-18,24000.0,24000.0, 86 - Taquari
Guaporé,RS,Guaporé,CGH.PH.RS.001067-7.1,CGH,Central Geradora Hidrelétrica,Operação,1950-01-01,667.2,667.0, 86 - Taquari
Guaporé,RS,Monte Cuco,PCH.PH.RS.028843-8.1,PCH,Pequena Central Hidrelétrica,Construção não iniciada,1900-01-03,30000.0,0.0, 86 - Taquari
Guaporé,RS,São Paulo,PCH.PH.RS.029067-0.1,PCH,Pequena Central Hidrelétrica,Operação,2012-04-28,16000.0,16000.0, 86 - Taquari
Guarani das Missões,RS,Giovelli Cia,CGH.PH.RS.030947-8.1,CGH,Central Geradora Hidrelétrica,Operação,1928-01-01,175.5,175.0," 74 - Uruguai, Varzea, Turvo e outros"
Ibiaçá,RS,Avante,CGH.PH.RS.000177-5.1,CGH,Central Geradora Hidrelétrica,Operação,2001-10-02,800.0,800.0," 72 - Uruguai, Inhanduva, Peixe e outros"
Ibirubá,RS,Cascata do Pinheirinho,CGH.PH.RS.000706-4.3,CGH,Central Geradora Hidrelétrica,Operação,1993-03-04,895.0,895.0, 85 - Alto Jacui
Ijuí,RS,Andorinhas,CGH.PH.RS.000702-1.1,CGH,Central Geradora Hidrelétrica,Operação,1937-01-01,512.0,512.0," 75 - Uruguai, Ijui, piratinim e outros"
Ijuí,RS,José Barasuol (Antiga Linha 3 Leste),PCH.PH.RS.028231-6.1,PCH,Pequena Central Hidrelétrica,Operação,2003-12-31,14335.0,14335.0," 75 - Uruguai, Ijui, piratinim e outros"
Ijuí,RS,Linha Onze Oeste,PCH.PH.RS.037413-0.1,PCH,Pequena Central Hidrelétrica,Operação,2025-03-15,23600.0,23600.0," 75 - Uruguai, Ijui, piratinim e outros"
Ijuí,RS,Passo de Ajuricaba,UHE.PH.RS.001997-6.2,UHE,Usina Hidrelétrica,Operação,1959-10-19,6200.0,3200.0," 75 - Uruguai, Ijui, piratinim e outros"
Ijuí,RS,RS-155,PCH.PH.RS.030525-1.1,PCH,Pequena Central Hidrelétrica,Operação,2012-08-21,5982.0,5982.0," 75 - Uruguai, Ijui, piratinim e outros"
Ijuí,RS,Sede II,PCH.PH.RS.037300-1.1,PCH,Pequena Central Hidrelétrica,Operação,2020-12-19,7900.0,7900.0," 75 - Uruguai, Ijui, piratinim e outros"
Independência,RS,Buricá,CGH.PH.RS.000329-8.2,CGH,Central Geradora Hidrelétrica,Operação,1999-05-08,3240.0,3240.0," 74 - Uruguai, Varzea, Turvo e outros"
Inhacorá,RS,Buricá,CGH.PH.RS.000329-8.2,CGH,Central Geradora Hidrelétrica,Operação,1999-05-08,3240.0,3240.0," 74 - Uruguai, Varzea, Turvo e outros"
Ipê,RS,Faxinal,CGH.PH.RS.038245-0.1,CGH,Central Geradora Hidrelétrica,Operação,2019-05-10,1000.0,1000.0, 86 - Taquari
Ipê,RS,Saltinho RS,PCH.PH.RS.037249-8.1,PCH,Pequena Central Hidrelétrica,Operação,2025-10-17,27270.0,27270.0, 86 - Taquari
Jaguari,RS,Furnas do Segredo,PCH.PH.RS.001009-0.1,PCH,Pequena Central Hidrelétrica,Operação,2005-09-16,9800.0,9800.0, 76 - Ibicui
Jaquirana,RS,Pezzi,PCH.PH.RS.028988-4.1,PCH,Pequena Central Hidrelétrica,Operação,2012-10-31,19000.0,19000.0, 86 - Taquari
Jóia,RS,Igrejinha,CGH.PH.RS.034672-1.2,CGH,Central Geradora Hidrelétrica,Operação,2020-11-10,4850.0,4850.0," 75 - Uruguai, Ijui, piratinim e outros"
Júlio de Castilhos,RS,Cachoeira Cinco Veados,PCH.PH.RS.031030-1.1,PCH,Pequena Central Hidrelétrica,Operação,2022-09-30,16227.0,16227.0, 76 - Ibicui
Júlio de Castilhos,RS,Engenheiro Ernesto Jorge Dreher,PCH.PH.RS.029245-1.1,PCH,Pequena Central Hidrelétrica,Operação,2009-10-03,17870.0,17870.0, 85 - Alto Jacui
Júlio de Castilhos,RS,Engenheiro Henrique Kotzian,PCH.PH.RS.029246-0.1,PCH,Pequena Central Hidrelétrica,Operação,2011-03-05,13000.0,13000.0, 85 - Alto Jacui
Júlio de Castilhos,RS,Ivaí,CGH.PH.RS.001199-1.1,CGH,Central Geradora Hidrelétrica,Operação,1950-03-01,720.0,720.0, 85 - Alto Jacui
Júlio de Castilhos,RS,Quebra Dentes,PCH.PH.RS.031035-2.1,PCH,Pequena Central Hidrelétrica,Operação,2020-08-25,22360.0,22360.0, 76 - Ibicui
Júlio de Castilhos,RS,Salto do Guassupi,PCH.PH.RS.031049-2.1,PCH,Pequena Central Hidrelétrica,Operação,2020-12-31,12199.0,12199.0, 76 - Ibicui
Lagoa Vermelha,RS,Dona Mirian,CGH.PH.RS.028941-8.1,CGH,Central Geradora Hidrelétrica,Operação,2001-06-11,420.0,420.0," 72 - Uruguai, Inhanduva, Peixe e outros"
Lagoa Vermelha,RS,Posto,CGH.PH.RS.028915-9.1,CGH,Central Geradora Hidrelétrica,Operação,1996-06-01,780.0,780.0," 72 - Uruguai, Inhanduva, Peixe e outros"
Liberato Salzano,RS,Linha Aparecida,PCH.PH.RS.030636-3.1,PCH,Pequena Central Hidrelétrica,Construção não iniciada,1900-01-03,25406.91,0.0," 74 - Uruguai, Varzea, Turvo e outros"
Liberato Salzano,RS,Linha Jacinto,PCH.PH.RS.030637-1.1,PCH,Pequena Central Hidrelétrica,Construção não iniciada,1900-01-03,17801.04,0.0," 74 - Uruguai, Varzea, Turvo e outros"
Machadinho,RS,Forquilha IV,PCH.PH.RS.034057-0.1,PCH,Pequena Central Hidrelétrica,Operação,2021-01-29,13000.0,13000.0," 72 - Uruguai, Inhanduva, Peixe e outros"
Marau,RS,Capiguí,CGH.PH.RS.000654-8.1,CGH,Central Geradora Hidrelétrica,Operação,1955-01-01,3200.0,3200.0, 86 - Taquari
Maximiliano de Almeida,RS,Forquilha,CGH.PH.RS.000976-8.1,CGH,Central Geradora Hidrelétrica,Operação,1950-01-01,1100.0,1100.0," 72 - Uruguai, Inhanduva, Peixe e outros"
Maximiliano de Almeida,RS,Forquilha II,PCH.PH.RS.037658-2.2,PCH,Pequena Central Hidrelétrica,Construção não iniciada,1900-01-03,7500.0,0.0," 72 - Uruguai, Inhanduva, Peixe e outros"
Maximiliano de Almeida,RS,Forquilha IV,PCH.PH.RS.034057-0.1,PCH,Pequena Central Hidrelétrica,Operação,2021-01-29,13000.0,13000.0," 72 - Uruguai, Inhanduva, Peixe e outros"
Maximiliano de Almeida,RS,Machadinho,UHE.PH.SC.001356-0.1,UHE,Usina Hidrelétrica,Operação,2002-02-16,1140000.0,1140000.0," 72 - Uruguai, Inhanduva, Peixe e outros"
Monte Alegre dos Campos,RS,Serra dos Cavalinhos I,PCH.PH.RS.031324-6.1,PCH,Pequena Central Hidrelétrica,Operação,2017-01-04,25000.0,25000.0, 86 - Taquari
Monte Alegre dos Campos,RS,Serra dos Cavalinhos II,PCH.PH.RS.030337-2.1,PCH,Pequena Central Hidrelétrica,Operação,2013-02-23,29025.0,29025.0, 86 - Taquari
Mormaço,RS,Santo Antônio do Jacuí,PCH.PH.RS.037468-7.1,PCH,Pequena Central Hidrelétrica,Operação,2026-03-21,5200.0,5200.0, 85 - Alto Jacui
Muitos Capões,RS,Chimarrão,PCH.PH.RS.035481-3.1,PCH,Pequena Central Hidrelétrica,Operação,2023-06-06,11825.0,11825.0, 86 - Taquari
Muitos Capões,RS,Jardim,PCH.PH.RS.030887-0.1,PCH,Pequena Central Hidrelétrica,Operação,2018-01-26,9000.0,9000.0, 86 - Taquari
Muitos Capões,RS,Lixiguana,PCH.PH.RS.035762-6.1,PCH,Pequena Central Hidrelétrica,Construção não iniciada,1900-01-03,9000.0,0.0, 86 - Taquari
Muitos Capões,RS,Morro Grande,PCH.PH.RS.030950-8.1,PCH,Pequena Central Hidrelétrica,Operação,2020-10-15,9800.0,9800.0, 86 - Taquari
Muitos Capões,RS,Saltinho,CGH.PH.RS.002572-0.1,CGH,Central Geradora Hidrelétrica,Operação,1950-01-01,800.0,800.0, 86 - Taquari
Muitos Capões,RS,Santa Carolina,PCH.PH.RS.030723-8.1,PCH,Pequena Central Hidrelétrica,Operação,2016-03-11,10500.0,10500.0, 86 - Taquari
Nonoai,RS,Albano Machado,PCH.PH.RS.029514-0.1,PCH,Pequena Central Hidrelétrica,Operação,2011-02-11,3000.0,3000.0," 73 - Uruguai, Chapeco,Passo Fundo e outros"
Nonoai,RS,Cascata Das Andorinhas,CGH.PH.RS.028240-5.1,CGH,Central Geradora Hidrelétrica,Operação,2003-10-25,1200.0,1200.0," 73 - Uruguai, Chapeco,Passo Fundo e outros"
Nonoai,RS,Monjolinho (Antiga Alzir dos Santos Antunes),UHE.PH.RS.028562-5.1,UHE,Usina Hidrelétrica,Operação,2009-09-01,74000.0,74000.0," 73 - Uruguai, Chapeco,Passo Fundo e outros"
Nonoai,RS,PASSO DO CERVO,CGH.PH.RS.035444-9.1,CGH,Central Geradora Hidrelétrica,Operação,2015-05-02,750.0,750.0," 73 - Uruguai, Chapeco,Passo Fundo e outros"
Nonoai,RS,Rio dos Índios,PCH.PH.RS.030057-8.1,PCH,Pequena Central Hidrelétrica,Operação,2013-05-04,8000.0,8000.0," 73 - Uruguai, Chapeco,Passo Fundo e outros"
Nova Bassano,RS,Boa Fé,PCH.PH.RS.029063-7.1,PCH,Pequena Central Hidrelétrica,Operação,2011-10-20,24000.0,24000.0, 86 - Taquari
Nova Bassano,RS,Caçador,PCH.PH.RS.027878-5.1,PCH,Pequena Central Hidrelétrica,Operação,2008-10-31,22500.0,22500.0, 86 - Taquari
Nova Bassano,RS,Focchezan Energia,CGH.PH.RS.071326-0.1,CGH,Central Geradora Hidrelétrica,Operação,2022-11-21,500.0,500.0, 86 - Taquari
Nova Bassano,RS,São Paulo,PCH.PH.RS.029067-0.1,PCH,Pequena Central Hidrelétrica,Operação,2012-04-28,16000.0,16000.0, 86 - Taquari
Nova Palma,RS,Dona Francisca,UHE.PH.RS.027012-1.1,UHE,Usina Hidrelétrica,Operação,2001-02-05,125000.0,125000.0, 85 - Alto Jacui
Nova Prata,RS,Catibiro,CGH.PH.RS.030074-8.1,CGH,Central Geradora Hidrelétrica,Operação,2011-01-01,900.0,900.0, 86 - Taquari
Nova Prata,RS,do Parque,CGH.PH.RS.028865-9.1,CGH,Central Geradora Hidrelétrica,Operação,2002-12-01,128.0,128.0, 86 - Taquari
Nova Pádua,RS,Castro Alves,UHE.PH.RS.000718-8.1,UHE,Usina Hidrelétrica,Operação,2008-03-04,130000.0,130000.0, 86 - Taquari
Nova Roma do Sul,RS,Castro Alves,UHE.PH.RS.000718-8.1,UHE,Usina Hidrelétrica,Operação,2008-03-04,130000.0,130000.0, 86 - Taquari
Nova Roma do Sul,RS,Jararaca,PCH.PH.RS.028715-6.1,PCH,Pequena Central Hidrelétrica,Operação,2008-04-15,28000.0,28000.0, 86 - Taquari
Novo Barreiro,RS,Cascata do Barreiro,CGH.PH.RS.029551-5.1,CGH,Central Geradora Hidrelétrica,Operação,2005-12-07,280.0,280.0," 74 - Uruguai, Varzea, Turvo e outros"
Novo Tiradentes,RS,Linha Aparecida,PCH.PH.RS.030636-3.1,PCH,Pequena Central Hidrelétrica,Construção não iniciada,1900-01-03,25406.91,0.0," 74 - Uruguai, Varzea, Turvo e outros"
Novo Tiradentes,RS,Moinho,CGH.PH.RS.028690-7.1,CGH,Central Geradora Hidrelétrica,Operação,2007-05-01,270.0,270.0," 74 - Uruguai, Varzea, Turvo e outros"
Não-Me-Toque,RS,Osvaldo Dino Pigozzi,CGH.PH.RS.037327-3.1,CGH,Central Geradora Hidrelétrica,Operação,1972-01-01,280.0,280.0, 85 - Alto Jacui
Palmeira das Missões,RS,Cascata do Barreiro,CGH.PH.RS.029551-5.1,CGH,Central Geradora Hidrelétrica,Operação,2005-12-07,280.0,280.0," 74 - Uruguai, Varzea, Turvo e outros"
Panambi,RS,Caxambu,CGH.PH.RS.002317-5.1,CGH,Central Geradora Hidrelétrica,Operação,2014-11-08,975.0,975.0," 75 - Uruguai, Ijui, piratinim e outros"
Panambi,RS,Rio Palmeiras,CGH.PH.RS.002430-9.1,CGH,Central Geradora Hidrelétrica,Operação,1945-01-01,740.0,740.0," 75 - Uruguai, Ijui, piratinim e outros"
Pinhal,RS,Esmeralda,PCH.PH.RS.028430-0.1,PCH,Pequena Central Hidrelétrica,Operação,2006-12-23,22200.0,22200.0, 70 - Pelotas
Pinhal,RS,Moinho,PCH.PH.RS.029725-9.1,PCH,Pequena Central Hidrelétrica,Operação,2011-09-17,13700.0,13700.0, 70 - Pelotas
Pinhal Grande,RS,Itaúba,UHE.PH.RS.027019-9.1,UHE,Usina Hidrelétrica,Operação,1979-01-01,500400.0,500400.0, 85 - Alto Jacui
Pouso Novo,RS,Vale do Leite,PCH.PH.RS.032823-5.1,PCH,Pequena Central Hidrelétrica,Construção,1900-01-03,6400.0,0.0, 86 - Taquari
Protásio Alves,RS,do Parque,CGH.PH.RS.028865-9.1,CGH,Central Geradora Hidrelétrica,Operação,2002-12-01,128.0,128.0, 86 - Taquari
Putinga,RS,Rastro de Auto,PCH.PH.RS.030287-2.1,PCH,Pequena Central Hidrelétrica,Operação,2013-06-29,7020.0,7020.0, 86 - Taquari
Putinga,RS,Salto Forqueta,PCH.PH.RS.027713-4.1,PCH,Pequena Central Hidrelétrica,Operação,2003-03-03,6080.0,6080.0, 86 - Taquari
Quevedos,RS,Cachoeira Cinco Veados,PCH.PH.RS.031030-1.1,PCH,Pequena Central Hidrelétrica,Operação,2022-09-30,16227.0,16227.0, 76 - Ibicui
Quevedos,RS,Quebra Dentes,PCH.PH.RS.031035-2.1,PCH,Pequena Central Hidrelétrica,Operação,2020-08-25,22360.0,22360.0, 76 - Ibicui
Quevedos,RS,Rincão São Miguel,PCH.PH.RS.031029-8.1,PCH,Pequena Central Hidrelétrica,Operação,2024-03-23,9750.0,9750.0, 76 - Ibicui
Redentora,RS,Edelweiss,PCH.PH.RS.037566-7.1,PCH,Pequena Central Hidrelétrica,Construção não iniciada,1900-01-03,6000.0,0.0," 74 - Uruguai, Varzea, Turvo e outros"
Redentora,RS,Ferradura,PCH.PH.RS.027885-8.1,PCH,Pequena Central Hidrelétrica,Operação,2003-12-31,9200.0,9200.0," 74 - Uruguai, Varzea, Turvo e outros"
Redentora,RS,Tambaú,PCH.PH.RS.030064-0.1,PCH,Pequena Central Hidrelétrica,Operação,2013-03-28,8806.0,8806.0," 74 - Uruguai, Varzea, Turvo e outros"
Rio Grande,RS,Estancado,CGH.PH.RS.030068-3.1,CGH,Central Geradora Hidrelétrica,Operação,2010-01-05,700.0,700.0," 74 - Uruguai, Varzea, Turvo e outros"
Rodeio Bonito,RS,Linha Jacinto,PCH.PH.RS.030637-1.1,PCH,Pequena Central Hidrelétrica,Construção não iniciada,1900-01-03,17801.04,0.0," 74 - Uruguai, Varzea, Turvo e outros"
Rolador,RS,São José,UHE.PH.RS.029459-4.1,UHE,Usina Hidrelétrica,Operação,2011-03-29,51000.0,51000.0," 75 - Uruguai, Ijui, piratinim e outros"
Roque Gonzales,RS,Passo São João,UHE.PH.RS.029456-0.1,UHE,Usina Hidrelétrica,Operação,2012-03-24,77000.0,77000.0," 75 - Uruguai, Ijui, piratinim e outros"
Roque Gonzales,RS,Pirapó,CGH.PH.RS.028089-5.1,CGH,Central Geradora Hidrelétrica,Operação,1952-01-01,776.0,776.0," 75 - Uruguai, Ijui, piratinim e outros"
Salto do Jacuí,RS,Engenheiro Ernesto Jorge Dreher,PCH.PH.RS.029245-1.1,PCH,Pequena Central Hidrelétrica,Operação,2009-10-03,17870.0,17870.0, 85 - Alto Jacui
Salto do Jacuí,RS,Engenheiro Henrique Kotzian,PCH.PH.RS.029246-0.1,PCH,Pequena Central Hidrelétrica,Operação,2011-03-05,13000.0,13000.0, 85 - Alto Jacui
Salto do Jacuí,RS,Jacuí,UHE.PH.RS.001217-3.1,UHE,Usina Hidrelétrica,Operação,1962-01-01,180000.0,180000.0, 85 - Alto Jacui
Salto do Jacuí,RS,Passo Real,UHE.PH.RS.002003-6.1,UHE,Usina Hidrelétrica,Operação,1973-01-01,158000.0,158000.0, 85 - Alto Jacui
Salvador das Missões,RS,Caraguatá,CGH.PH.RS.028740-7.1,CGH,Central Geradora Hidrelétrica,Operação,2004-10-01,953.1,953.0," 74 - Uruguai, Varzea, Turvo e outros"
Salvador das Missões,RS,São José,UHE.PH.RS.029459-4.1,UHE,Usina Hidrelétrica,Operação,2011-03-29,51000.0,51000.0," 75 - Uruguai, Ijui, piratinim e outros"
Santa Maria do Herval,RS,Herval,CGH.PH.RS.001085-5.1,CGH,Central Geradora Hidrelétrica,Operação,1941-05-19,1500.0,1500.0," 87 - Camaqua, Jacui, lagoa dos Patos e outros"
Santa Rosa,RS,Bela União(trincheira),CGH.PH.RS.030879-0.1,CGH,Central Geradora Hidrelétrica,Operação,2015-04-10,2250.0,2250.0," 74 - Uruguai, Varzea, Turvo e outros"
Santa Rosa,RS,Santo Antônio,CGH.PH.RS.029050-5.1,CGH,Central Geradora Hidrelétrica,Operação,2005-10-01,4500.0,4500.0," 74 - Uruguai, Varzea, Turvo e outros"
Santo Antônio do Palma,RS,Uzina do Maringa,CGH.PH.RS.029357-1.1,CGH,Central Geradora Hidrelétrica,Operação,1948-05-01,112.0,112.0, 86 - Taquari
Santo Antônio do Planalto,RS,Osvaldo Dino Pigozzi,CGH.PH.RS.037327-3.1,CGH,Central Geradora Hidrelétrica,Operação,1972-01-01,280.0,280.0, 85 - Alto Jacui
Santo Ângelo,RS,Claudino Fernando Picolli,CGH.PH.RS.029542-6.1,CGH,Central Geradora Hidrelétrica,Operação,2007-02-23,439.9,439.0," 74 - Uruguai, Varzea, Turvo e outros"
Seberi,RS,Carlos Bevilácqua,CGH.PH.RS.028688-5.1,CGH,Central Geradora Hidrelétrica,Operação,2009-01-30,801.0,801.0," 74 - Uruguai, Varzea, Turvo e outros"
Seberi,RS,Frederico João Cerutti SA,CGH.PH.RS.029037-8.1,CGH,Central Geradora Hidrelétrica,Operação,2003-12-30,1200.0,1200.0," 74 - Uruguai, Varzea, Turvo e outros"
Seberi,RS,Rio Fortaleza,CGH.PH.RS.027100-4.1,CGH,Central Geradora Hidrelétrica,Operação,1999-07-01,880.0,880.0," 74 - Uruguai, Varzea, Turvo e outros"
Serafina Corrêa,RS,Boa Fé,PCH.PH.RS.029063-7.1,PCH,Pequena Central Hidrelétrica,Operação,2011-10-20,24000.0,24000.0, 86 - Taquari
Serafina Corrêa,RS,Caçador,PCH.PH.RS.027878-5.1,PCH,Pequena Central Hidrelétrica,Operação,2008-10-31,22500.0,22500.0, 86 - Taquari
Soledade,RS,RP 1,CGH.PH.RS.031695-4.1,CGH,Central Geradora Hidrelétrica,Operação,2015-04-24,1280.0,1280.0, 85 - Alto Jacui
Soledade,RS,Taipinha,CGH.PH.RS.030668-1.1,CGH,Central Geradora Hidrelétrica,Operação,2011-11-13,864.0,864.0, 86 - Taquari
São Francisco de Paula,RS,Cazuza Ferreira,PCH.PH.RS.000735-8.1,PCH,Pequena Central Hidrelétrica,Operação,2016-03-17,9100.0,9100.0, 86 - Taquari
São Francisco de Paula,RS,Criúva,PCH.PH.RS.029002-5.1,PCH,Pequena Central Hidrelétrica,Operação,2010-05-12,23949.0,23949.0, 86 - Taquari
São Francisco de Paula,RS,Palanquinho,PCH.PH.RS.029001-7.1,PCH,Pequena Central Hidrelétrica,Operação,2010-07-13,24165.0,24165.0, 86 - Taquari
São Francisco de Paula,RS,Parque da Cachoeira,CGH.PH.RS.038380-5.1,CGH,Central Geradora Hidrelétrica,Operação,1996-12-01,67.3,67.0," 87 - Camaqua, Jacui, lagoa dos Patos e outros"
São Francisco de Paula,RS,Passo do Inferno,CGH.PH.RS.001998-4.1,CGH,Central Geradora Hidrelétrica,Operação,1948-11-15,1100.0,1100.0," 87 - Camaqua, Jacui, lagoa dos Patos e outros"
São Francisco de Paula,RS,Passo do Meio,PCH.PH.RS.001999-2.1,PCH,Pequena Central Hidrelétrica,Operação,2003-10-17,30000.0,30000.0, 86 - Taquari
São Francisco de Paula,RS,Serra dos Cavalinhos I,PCH.PH.RS.031324-6.1,PCH,Pequena Central Hidrelétrica,Operação,2017-01-04,25000.0,25000.0, 86 - Taquari
São Francisco de Paula,RS,Serra dos Cavalinhos II,PCH.PH.RS.030337-2.1,PCH,Pequena Central Hidrelétrica,Operação,2013-02-23,29025.0,29025.0, 86 - Taquari
São Francisco de Paula,RS,Toca,CGH.PH.RS.002853-3.1,CGH,Central Geradora Hidrelétrica,Operação,1929-07-01,1120.0,1120.0," 87 - Camaqua, Jacui, lagoa dos Patos e outros"
São Jerônimo,RS,Morrinhos,CGH.PH.RS.030407-7.2,CGH,Central Geradora Hidrelétrica,Operação,2014-11-24,2250.0,2250.0," 87 - Camaqua, Jacui, lagoa dos Patos e outros"
São José do Herval,RS,Rastro de Auto,PCH.PH.RS.030287-2.1,PCH,Pequena Central Hidrelétrica,Operação,2013-06-29,7020.0,7020.0, 86 - Taquari
São José do Herval,RS,Salto Forqueta,PCH.PH.RS.027713-4.1,PCH,Pequena Central Hidrelétrica,Operação,2003-03-03,6080.0,6080.0, 86 - Taquari
São José dos Ausentes,RS,Silveira II,PCH.PH.RS.035544-5.1,PCH,Pequena Central Hidrelétrica,Construção não iniciada,1900-01-03,5100.0,0.0, 70 - Pelotas
São José dos Ausentes,RS,Silveira III,PCH.PH.RS.035545-3.1,PCH,Pequena Central Hidrelétrica,Construção não iniciada,1900-01-03,7200.0,0.0, 70 - Pelotas
São Marcos,RS,Rio São Marcos,PCH.PH.RS.029077-7.1,PCH,Pequena Central Hidrelétrica,Operação,2004-12-31,2200.0,2200.0, 86 - Taquari
São Martinho,RS,Cachoeira Cinco Veados,PCH.PH.RS.031030-1.1,PCH,Pequena Central Hidrelétrica,Operação,2022-09-30,16227.0,16227.0, 76 - Ibicui
São Martinho da Serra,RS,Rincão São Miguel,PCH.PH.RS.031029-8.1,PCH,Pequena Central Hidrelétrica,Operação,2024-03-23,9750.0,9750.0, 76 - Ibicui
São Martinho da Serra,RS,Salto do Guassupi,PCH.PH.RS.031049-2.1,PCH,Pequena Central Hidrelétrica,Operação,2020-12-31,12199.0,12199.0, 76 - Ibicui
Tapera,RS,Colorado,CGH.PH.RS.000797-8.2,CGH,Central Geradora Hidrelétrica,Operação,1973-01-17,1120.0,1120.0, 85 - Alto Jacui
Taquaruçu do Sul,RS,Linha Granja Velha,CGH.PH.RS.028572-2.1,CGH,Central Geradora Hidrelétrica,Operação,2001-01-21,1000.0,1000.0," 74 - Uruguai, Varzea, Turvo e outros"
Tio Hugo,RS,Ernestina,CGH.PH.RS.000898-2.3,CGH,Central Geradora Hidrelétrica,Operação,1957-08-01,3700.0,3700.0, 85 - Alto Jacui
Tio Hugo,RS,Tio Hugo,PCH.PH.RS.037469-5.1,PCH,Pequena Central Hidrelétrica,Operação,2023-12-30,10100.0,10100.0, 85 - Alto Jacui
Tiradentes do Sul,RS,Caa Yari,CGH.PH.RS.029212-5.1,CGH,Central Geradora Hidrelétrica,Operação,2014-04-01,1000.0,1000.0," 74 - Uruguai, Varzea, Turvo e outros"
Trindade do Sul,RS,Albano Machado,PCH.PH.RS.029514-0.1,PCH,Pequena Central Hidrelétrica,Operação,2011-02-11,3000.0,3000.0," 73 - Uruguai, Chapeco,Passo Fundo e outros"
Três de Maio,RS,Bela União(trincheira),CGH.PH.RS.030879-0.1,CGH,Central Geradora Hidrelétrica,Operação,2015-04-10,2250.0,2250.0," 74 - Uruguai, Varzea, Turvo e outros"
Três de Maio,RS,Santa Rosa,CGH.PH.RS.026730-9.1,CGH,Central Geradora Hidrelétrica,Operação,1955-01-01,1580.0,1580.0," 74 - Uruguai, Varzea, Turvo e outros"
Três de Maio,RS,Santo Antônio,CGH.PH.RS.029050-5.1,CGH,Central Geradora Hidrelétrica,Operação,2005-10-01,4500.0,4500.0," 74 - Uruguai, Varzea, Turvo e outros"
Vacaria,RS,Bela Vista,PCH.PH.RS.031016-6.1,PCH,Pequena Central Hidrelétrica,Construção não iniciada,1900-01-03,5500.0,0.0, 70 - Pelotas
Veranópolis,RS,Da Ilha,PCH.PH.RS.028725-3.1,PCH,Pequena Central Hidrelétrica,Operação,2008-04-15,26000.0,26000.0, 86 - Taquari
Veranópolis,RS,Foz do Prata,UHE.PH.RS.032517-1.1,UHE,Usina Hidrelétrica,Construção não iniciada,1900-01-03,49365.0,0.0, 86 - Taquari
Veranópolis,RS,Jararaca,PCH.PH.RS.028715-6.1,PCH,Pequena Central Hidrelétrica,Operação,2008-04-15,28000.0,28000.0, 86 - Taquari
Veranópolis,RS,Monte Claro,UHE.PH.RS.027968-4.1,UHE,Usina Hidrelétrica,Operação,2004-12-29,130000.0,130000.0, 86 - Taquari
Victor Graeff,RS,Cotovelo do Jacuí,PCH.PH.RS.000877-0.1,PCH,Pequena Central Hidrelétrica,Operação,2001-05-14,3340.0,3340.0, 85 - Alto Jacui
Victor Graeff,RS,Santo Antônio do Jacuí,PCH.PH.RS.037468-7.1,PCH,Pequena Central Hidrelétrica,Operação,2026-03-21,5200.0,5200.0, 85 - Alto Jacui
Vila Maria,RS,Uzina do Maringa,CGH.PH.RS.029357-1.1,CGH,Central Geradora Hidrelétrica,Operação,1948-05-01,112.0,112.0, 86 - Taquari
Vista Alegre do Prata,RS,Autódromo,PCH.PH.RS.029071-8.1,PCH,Pequena Central Hidrelétrica,Operação,2011-11-18,24000.0,24000.0, 86 - Taquari
Vista Alegre do Prata,RS,São Domingos do Prata,CGH.PH.RS.045162-2.1,CGH,Central Geradora Hidrelétrica,Operação,2020-08-15,2205.0,2205.0, 86 - Taquari
Áurea,RS,Fazenda Santa Sofia,CGH.PH.RS.027800-9.1,CGH,Central Geradora Hidrelétrica,Operação,1990-01-01,94.0,94.0," 72 - Uruguai, Inhanduva, Peixe e outros"
Abdon Batista,SC,Campos Novos,UHE.PH.SC.027401-1.1,UHE,Usina Hidrelétrica,Operação,2007-02-03,880000.0,880000.0, 71 - Canoas
Abdon Batista,SC,Garibaldi,UHE.PH.SC.030415-8.1,UHE,Usina Hidrelétrica,Operação,2013-09-24,191900.0,191900.0, 71 - Canoas
Abelardo Luz,SC,Aparecida,PCH.PH.SC.032659-3.1,PCH,Pequena Central Hidrelétrica,Construção não iniciada,1900-01-03,7500.0,0.0," 73 - Uruguai, Chapeco,Passo Fundo e outros"
Abelardo Luz,SC,Barreiros,PCH.PH.SC.032598-8.1,PCH,Pequena Central Hidrelétrica,Construção não iniciada,1900-01-03,22138.7,0.0," 73 - Uruguai, Chapeco,Passo Fundo e outros"
Abelardo Luz,SC,Camifra II,CGH.PH.SC.028928-0.1,CGH,Central Geradora Hidrelétrica,Operação,1900-01-03,494.0,494.0," 73 - Uruguai, Chapeco,Passo Fundo e outros"
Abelardo Luz,SC,Criciúma,PCH.PH.SC.032953-3.1,PCH,Pequena Central Hidrelétrica,Construção não iniciada,1900-01-03,6000.0,0.0," 73 - Uruguai, Chapeco,Passo Fundo e outros"
Abelardo Luz,SC,Enercol,CGH.PH.SC.029229-0.1,CGH,Central Geradora Hidrelétrica,Operação,2018-03-20,2000.0,2000.0," 73 - Uruguai, Chapeco,Passo Fundo e outros"
Abelardo Luz,SC,Ernesto Lavratti Neto,CGH.PH.SC.029800-0.1,CGH,Central Geradora Hidrelétrica,Operação,2015-06-01,1000.0,1000.0," 73 - Uruguai, Chapeco,Passo Fundo e outros"
Abelardo Luz,SC,Ludesa,PCH.PH.SC.028801-2.1,PCH,Pequena Central Hidrelétrica,Operação,2007-08-01,30000.0,30000.0," 73 - Uruguai, Chapeco,Passo Fundo e outros"
Abelardo Luz,SC,Mangueira de Pedra,PCH.PH.SC.030386-0.1,PCH,Pequena Central Hidrelétrica,Construção não iniciada,1900-01-03,12060.0,0.0," 73 - Uruguai, Chapeco,Passo Fundo e outros"
Abelardo Luz,SC,Maria Luz,CGH.PH.SC.030629-0.1,CGH,Central Geradora Hidrelétrica,Operação,2022-10-21,257.6,257.0," 73 - Uruguai, Chapeco,Passo Fundo e outros"
Abelardo Luz,SC,Pacheco,CGH.PH.SC.031005-0.2,CGH,Central Geradora Hidrelétrica,Operação,2010-02-01,1980.0,1980.0," 73 - Uruguai, Chapeco,Passo Fundo e outros"
Abelardo Luz,SC,Prainha,PCH.PH.SC.033961-0.1,PCH,Pequena Central Hidrelétrica,Construção não iniciada,1900-01-03,13050.0,0.0," 73 - Uruguai, Chapeco,Passo Fundo e outros"
Abelardo Luz,SC,Santa Rosa,PCH.PH.SC.034059-6.1,PCH,Pequena Central Hidrelétrica,Construção não iniciada,1900-01-03,9990.0,0.0," 73 - Uruguai, Chapeco,Passo Fundo e outros"
Agrolândia,SC,Agropel,CGH.PH.SC.030247-3.1,CGH,Central Geradora Hidrelétrica,Operação,1973-01-10,990.0,990.0, 83 - Itajai
Agrolândia,SC,Serra Velha,CGH.PH.SC.037678-7.1,CGH,Central Geradora Hidrelétrica,Operação,2017-11-20,2500.0,2500.0, 83 - Itajai
Anchieta,SC,Garça Branca,PCH.PH.SC.031059-0.1,PCH,Pequena Central Hidrelétrica,Operação,2018-07-17,6500.0,6500.0," 74 - Uruguai, Varzea, Turvo e outros"
Anchieta,SC,Roncador,PCH.PH.SC.029120-0.2,PCH,Pequena Central Hidrelétrica,Operação,2020-03-04,6000.0,6000.0," 74 - Uruguai, Varzea, Turvo e outros"
Angelina,SC,Alto Garcia,PCH.PH.SC.030675-4.1,PCH,Pequena Central Hidrelétrica,Operação,2024-12-27,2000.0,2000.0," 84 - Tubarao, Capivari e outros"
Angelina,SC,Angelina (Antiga Portobello - Corredeira do Encano),PCH.PH.SC.002133-4.1,PCH,Pequena Central Hidrelétrica,Operação,2010-03-02,26270.0,26270.0," 84 - Tubarao, Capivari e outros"
Angelina,SC,Barra Clara,CGH.PH.SC.029764-0.2,CGH,Central Geradora Hidrelétrica,Operação,2010-02-26,1600.0,1600.0," 84 - Tubarao, Capivari e outros"
Angelina,SC,Fartura,CGH.PH.SC.044805-2.1,CGH,Central Geradora Hidrelétrica,Operação,2023-04-18,4950.0,4950.0," 84 - Tubarao, Capivari e outros"
Angelina,SC,Garcia,UHE.PH.SC.001019-7.2,UHE,Usina Hidrelétrica,Operação,1964-01-01,8920.0,8920.0," 84 - Tubarao, Capivari e outros"
Angelina,SC,Garcia de Angelina,CGH.PH.SC.037419-9.1,CGH,Central Geradora Hidrelétrica,Operação,2025-08-08,2000.0,2000.0," 84 - Tubarao, Capivari e outros"
Angelina,SC,Horst Bremer,CGH.PH.SC.029769-0.2,CGH,Central Geradora Hidrelétrica,Operação,2008-09-09,3187.8,3187.0," 84 - Tubarao, Capivari e outros"
Angelina,SC,Médio Garcia,CGH.PH.SC.035742-1.1,CGH,Central Geradora Hidrelétrica,Operação,2018-12-28,1000.0,1000.0," 84 - Tubarao, Capivari e outros"
Angelina,SC,Santa Ana,PCH.PH.SC.029778-0.1,PCH,Pequena Central Hidrelétrica,Operação,2010-04-27,6304.0,6304.0," 84 - Tubarao, Capivari e outros"
Anita Garibaldi,SC,Antunes,CGH.PH.SC.030880-3.1,CGH,Central Geradora Hidrelétrica,Operação,2017-06-30,1765.0,1765.0, 71 - Canoas
Anita Garibaldi,SC,Barra Grande,UHE.PH.RS.027556-5.1,UHE,Usina Hidrelétrica,Operação,2005-11-01,690000.0,690000.0, 70 - Pelotas
Anita Garibaldi,SC,Campos Novos,UHE.PH.SC.027401-1.1,UHE,Usina Hidrelétrica,Operação,2007-02-03,880000.0,880000.0, 71 - Canoas
Anita Garibaldi,SC,Willy Faller,CGH.PH.SC.030845-5.1,CGH,Central Geradora Hidrelétrica,Operação,2017-01-01,1000.0,1000.0, 70 - Pelotas
Anitápolis,SC,Varginha Jelu,CGH.PH.SC.029158-7.2,CGH,Central Geradora Hidrelétrica,Operação,2008-06-01,2000.0,2000.0," 84 - Tubarao, Capivari e outros"
Antônio Carlos,SC,Alto Farias,CGH.PH.SC.035698-0.2,CGH,Central Geradora Hidrelétrica,Operação,2021-12-01,3006.0,3006.0," 84 - Tubarao, Capivari e outros"
Apiúna,SC,Salto Pilão,UHE.PH.SC.028564-1.1,UHE,Usina Hidrelétrica,Operação,2009-12-11,191890.0,191890.0, 83 - Itajai
Arabutã,SC,Arabutã I,CGH.PH.SC.073816-6.1,CGH,Central Geradora Hidrelétrica,Operação,2022-06-29,1210.0,1210.0," 73 - Uruguai, Chapeco,Passo Fundo e outros"
Arabutã,SC,Rafael Arabutã,CGH.PH.SC.045158-4.1,CGH,Central Geradora Hidrelétrica,Operação,2019-08-16,1200.0,1200.0," 73 - Uruguai, Chapeco,Passo Fundo e outros"
Arroio Trinta,SC,Arroio Trinta,CGH.PH.SC.031216-9.1,CGH,Central Geradora Hidrelétrica,Operação,2013-08-01,1000.0,1000.0," 72 - Uruguai, Inhanduva, Peixe e outros"
Arvoredo,SC,Alto Irani,PCH.PH.SC.028748-2.1,PCH,Pequena Central Hidrelétrica,Operação,2008-09-27,21000.0,21000.0," 73 - Uruguai, Chapeco,Passo Fundo e outros"
Arvoredo,SC,Arvoredo,PCH.PH.SC.028755-5.1,PCH,Pequena Central Hidrelétrica,Operação,2010-04-08,13000.0,13000.0," 73 - Uruguai, Chapeco,Passo Fundo e outros"
Arvoredo,SC,Rodeio Bonito,PCH.PH.SC.029159-5.1,PCH,Pequena Central Hidrelétrica,Operação,2009-11-27,14680.0,14680.0," 73 - Uruguai, Chapeco,Passo Fundo e outros"
Bandeirante,SC,Bandeirante,CGH.PH.SC.030092-6.2,CGH,Central Geradora Hidrelétrica,Operação,2012-08-16,3000.0,3000.0," 74 - Uruguai, Varzea, Turvo e outros"
Bandeirante,SC,Belmonte,CGH.PH.SC.030091-8.2,CGH,Central Geradora Hidrelétrica,Operação,2012-05-25,3600.0,3600.0," 74 - Uruguai, Varzea, Turvo e outros"
Bandeirante,SC,Prata,CGH.PH.SC.030093-4.2,CGH,Central Geradora Hidrelétrica,Operação,2011-08-18,3000.0,3000.0," 74 - Uruguai, Varzea, Turvo e outros"
Barra Bonita,SC,São Jorge,PCH.PH.SC.030379-8.1,PCH,Pequena Central Hidrelétrica,Operação,2014-08-23,8700.0,8700.0," 74 - Uruguai, Varzea, Turvo e outros"
Belmonte,SC,Belmonte,CGH.PH.SC.030091-8.2,CGH,Central Geradora Hidrelétrica,Operação,2012-05-25,3600.0,3600.0," 74 - Uruguai, Varzea, Turvo e outros"
Benedito Novo,SC,Alto Benedito II,PCH.PH.SC.033599-1.1,PCH,Pequena Central Hidrelétrica,Operação,2018-06-05,5600.0,5600.0, 83 - Itajai
Benedito Novo,SC,Alto Benedito Novo,CGH.PH.SC.000068-0.2,CGH,Central Geradora Hidrelétrica,Operação,1991-01-04,2740.0,2740.0, 83 - Itajai
Benedito Novo,SC,Alto Benedito Novo I,PCH.PH.SC.028802-0.1,PCH,Pequena Central Hidrelétrica,Operação,2008-07-08,15000.0,15000.0, 83 - Itajai
Benedito Novo,SC,Boa Vista,PCH.PH.SC.031439-0.1,PCH,Pequena Central Hidrelétrica,Operação,2025-04-10,5600.0,5600.0, 70 - Pelotas
Benedito Novo,SC,Ilha (ceesam),CGH.PH.SC.055262-3.1,CGH,Central Geradora Hidrelétrica,Operação,2021-09-23,1620.0,1620.0, 83 - Itajai
Benedito Novo,SC,LIBERDADE,CGH.PH.SC.038207-8.1,CGH,Central Geradora Hidrelétrica,Operação,2017-08-15,1041.3,1041.0, 83 - Itajai
Benedito Novo,SC,Rodeio,PCH.PH.SC.035530-5.1,PCH,Pequena Central Hidrelétrica,Operação,2025-02-21,9750.0,9750.0, 83 - Itajai
Benedito Novo,SC,Águas da Serra,PCH.PH.SC.035496-1.1,PCH,Pequena Central Hidrelétrica,Operação,2023-01-04,22500.0,22500.0, 83 - Itajai
Blumenau,SC,Salto (Salto Weissbach),UHE.PH.SC.002682-4.2,UHE,Usina Hidrelétrica,Operação,1914-01-01,29280.0,6280.0, 83 - Itajai
Bom Jesus,SC,Passo Ferraz,PCH.PH.SC.030183-3.1,PCH,Pequena Central Hidrelétrica,Operação,2011-06-03,4000.0,4000.0," 73 - Uruguai, Chapeco,Passo Fundo e outros"
Braço do Norte,SC,Teodoro Schlickmann,CGH.PH.SC.030591-0.1,CGH,Central Geradora Hidrelétrica,Operação,2002-09-20,1299.99,1299.0," 84 - Tubarao, Capivari e outros"
Brunópolis,SC,São Roque,UHE.PH.SC.030938-9.1,UHE,Usina Hidrelétrica,Operação,2022-07-21,141900.0,141900.0, 71 - Canoas
Campo Belo do Sul,SC,Campo Belo,PCH.PH.SC.031498-6.1,PCH,Pequena Central Hidrelétrica,Construção,1900-01-03,12000.0,0.0, 70 - Pelotas
Campo Belo do Sul,SC,João Borges,PCH.PH.SC.029332-6.1,PCH,Pequena Central Hidrelétrica,Operação,2013-07-27,19000.0,19000.0, 71 - Canoas
Campo Belo do Sul,SC,TAIMBÉ 2,CGH.PH.SC.037428-8.1,CGH,Central Geradora Hidrelétrica,Operação,2017-03-04,1600.0,1600.0, 71 - Canoas
Campo Erê,SC,Crelin,CGH.PH.SC.030853-6.1,CGH,Central Geradora Hidrelétrica,Operação,2013-07-10,355.2,355.0," 74 - Uruguai, Varzea, Turvo e outros"
Campo Erê,SC,DALL'IGNA,CGH.PH.SC.032154-0.1,CGH,Central Geradora Hidrelétrica,Operação,1950-01-01,264.0,264.0," 74 - Uruguai, Varzea, Turvo e outros"
Campo Erê,SC,Palma Sola,CGH.PH.SC.029482-9.1,CGH,Central Geradora Hidrelétrica,Operação,1962-06-26,836.0,836.0," 74 - Uruguai, Varzea, Turvo e outros"
Campos Novos,SC,Agudo,CGH.PH.SC.031040-9.2,CGH,Central Geradora Hidrelétrica,Operação,2016-03-02,3899.6,3899.0," 72 - Uruguai, Inhanduva, Peixe e outros"
Campos Novos,SC,Barra do Leão,PCH.PH.SC.032162-1.1,PCH,Pequena Central Hidrelétrica,Operação,2018-05-16,3570.0,3570.0," 72 - Uruguai, Inhanduva, Peixe e outros"
Campos Novos,SC,Camboatá,CGH.PH.SC.030172-8.2,CGH,Central Geradora Hidrelétrica,Operação,2013-07-06,2000.0,2000.0," 72 - Uruguai, Inhanduva, Peixe e outros"
Campos Novos,SC,Campos Novos,UHE.PH.SC.027401-1.1,UHE,Usina Hidrelétrica,Operação,2007-02-03,880000.0,880000.0, 71 - Canoas
Campos Novos,SC,Iguaçu-Hidro 2/3,CGH.PH.SC.035532-1.1,CGH,Central Geradora Hidrelétrica,Operação,1955-02-04,948.0,948.0, 71 - Canoas
Campos Novos,SC,Ivo Silveira,CGH.PH.SC.001202-5.2,CGH,Central Geradora Hidrelétrica,Operação,1967-10-14,2600.0,2600.0, 71 - Canoas
Campos Novos,SC,Pito,CGH.PH.SC.030794-7.2,CGH,Central Geradora Hidrelétrica,Operação,2015-11-18,4400.0,4400.0, 71 - Canoas
Campos Novos,SC,São Carlos,PCH.PH.SC.033762-5.1,PCH,Pequena Central Hidrelétrica,Operação,2023-03-15,15199.0,15199.0," 72 - Uruguai, Inhanduva, Peixe e outros"
Campos Novos,SC,Tupitinga,PCH.PH.SC.035764-2.1,PCH,Pequena Central Hidrelétrica,Operação,2019-12-25,24000.0,24000.0, 71 - Canoas
Capinzal,SC,Alto Alegre,PCH.PH.SC.037173-4.1,PCH,Pequena Central Hidrelétrica,Construção,1900-01-03,17393.0,0.0," 72 - Uruguai, Inhanduva, Peixe e outros"
Capinzal,SC,Herval,CGH.PH.SC.001086-3.1,CGH,Central Geradora Hidrelétrica,Operação,1958-12-11,403.2,403.0," 72 - Uruguai, Inhanduva, Peixe e outros"
Capinzal,SC,Piratuba,PCH.PH.SC.037546-2.1,PCH,Pequena Central Hidrelétrica,Construção não iniciada,1900-01-03,16000.0,0.0," 72 - Uruguai, Inhanduva, Peixe e outros"
Capão Alto,SC,Campo Belo,PCH.PH.SC.031498-6.1,PCH,Pequena Central Hidrelétrica,Construção,1900-01-03,12000.0,0.0, 70 - Pelotas
Capão Alto,SC,Morro Agudo,CGH.PH.SC.075532-0.1,CGH,Central Geradora Hidrelétrica,Construção não iniciada,1900-01-03,1800.0,0.0,
Capão Alto,SC,Pinheiral,CGH.PH.SC.075546-0.1,CGH,Central Geradora Hidrelétrica,Construção não iniciada,1900-01-03,3000.0,0.0,
Catanduvas,SC,Kunz,CGH.PH.SC.033712-9.1,CGH,Central Geradora Hidrelétrica,Operação,1944-11-16,528.0,528.0," 73 - Uruguai, Chapeco,Passo Fundo e outros"
Caxambu do Sul,SC,Lambedor,CGH.PH.SC.030151-5.1,CGH,Central Geradora Hidrelétrica,Operação,2011-01-01,1000.0,1000.0," 73 - Uruguai, Chapeco,Passo Fundo e outros"
Caçador,SC,Bom Sucesso,CGH.PH.SC.027430-5.1,CGH,Central Geradora Hidrelétrica,Operação,1940-01-01,600.0,600.0," 72 - Uruguai, Inhanduva, Peixe e outros"
Caçador,SC,Fábrica,CGH.PH.SC.029802-6.1,CGH,Central Geradora Hidrelétrica,Operação,1973-01-01,344.0,344.0," 72 - Uruguai, Inhanduva, Peixe e outros"
Caçador,SC,Goiabeira,CGH.PH.SC.001035-9.1,CGH,Central Geradora Hidrelétrica,Operação,1951-01-01,200.0,200.0," 72 - Uruguai, Inhanduva, Peixe e outros"
Caçador,SC,Salto do Timbo,CGH.PH.SC.028646-0.1,CGH,Central Geradora Hidrelétrica,Operação,1968-01-01,1000.0,1000.0," 65 - Parana, Iguacu"
Caçador,SC,Taquara Verde,CGH.PH.SC.031620-2.1,CGH,Central Geradora Hidrelétrica,Operação,1985-01-01,435.15,435.0," 72 - Uruguai, Inhanduva, Peixe e outros"
Celso Ramos,SC,Antunes,CGH.PH.SC.030880-3.1,CGH,Central Geradora Hidrelétrica,Operação,2017-06-30,1765.0,1765.0, 71 - Canoas
Celso Ramos,SC,Campos Novos,UHE.PH.SC.027401-1.1,UHE,Usina Hidrelétrica,Operação,2007-02-03,880000.0,880000.0, 71 - Canoas
Chapecó,SC,Aurora,CGH.PH.SC.029620-1.1,CGH,Central Geradora Hidrelétrica,Operação,2009-03-25,950.0,950.0," 73 - Uruguai, Chapeco,Passo Fundo e outros"
Chapecó,SC,Barra Carneiro,CGH.PH.SC.037315-0.1,CGH,Central Geradora Hidrelétrica,Operação,2016-12-16,1500.0,1500.0," 73 - Uruguai, Chapeco,Passo Fundo e outros"
Chapecó,SC,Bom Retiro Chapeco,CGH.PH.SC.040776-3.1,CGH,Central Geradora Hidrelétrica,Operação,2018-08-13,3000.0,3000.0," 73 - Uruguai, Chapeco,Passo Fundo e outros"
Chapecó,SC,Rodeio Bonito,PCH.PH.SC.029159-5.1,PCH,Pequena Central Hidrelétrica,Operação,2009-11-27,14680.0,14680.0," 73 - Uruguai, Chapeco,Passo Fundo e outros"
Chapecó,SC,Rondinha Chalana,CGH.PH.SC.034056-1.1,CGH,Central Geradora Hidrelétrica,Operação,2015-07-09,1800.0,1800.0," 73 - Uruguai, Chapeco,Passo Fundo e outros"
Chapecó,SC,Índio Condá,CGH.PH.SC.029590-6.1,CGH,Central Geradora Hidrelétrica,Operação,2015-10-07,2900.0,2900.0," 73 - Uruguai, Chapeco,Passo Fundo e outros"
Concórdia,SC,Laje de Pedra,CGH.PH.SC.040849-2.1,CGH,Central Geradora Hidrelétrica,Operação,2019-04-20,3000.0,3000.0," 73 - Uruguai, Chapeco,Passo Fundo e outros"
Concórdia,SC,Pinhal,CGH.PH.SC.037420-2.1,CGH,Central Geradora Hidrelétrica,Operação,2017-02-09,702.0,702.0," 73 - Uruguai, Chapeco,Passo Fundo e outros"
Corupá,SC,Santo Antônio Sc,CGH.PH.SC.040764-0.1,CGH,Central Geradora Hidrelétrica,Operação,2018-08-01,1008.0,1008.0," 82 - Cachoeira, Sao Joao e outros"
Curitibanos,SC,Ado Popinhaki,PCH.PH.SC.031598-2.1,PCH,Pequena Central Hidrelétrica,Operação,2017-12-22,22600.0,22600.0, 71 - Canoas
Curitibanos,SC,Arroio dos Cachorros,CGH.PH.SC.030423-9.1,CGH,Central Geradora Hidrelétrica,Operação,2011-11-07,990.0,990.0, 71 - Canoas
Curitibanos,SC,Bossardi,CGH.PH.SC.028082-8.1,CGH,Central Geradora Hidrelétrica,Operação,2010-08-01,1000.0,1000.0, 71 - Canoas
Curitibanos,SC,Cadoriti,CGH.PH.SC.029878-6.1,CGH,Central Geradora Hidrelétrica,Operação,2008-01-22,495.0,495.0, 71 - Canoas
Curitibanos,SC,Marombas I,CGH.PH.SC.038153-5.1,CGH,Central Geradora Hidrelétrica,Operação,2019-11-01,3498.0,3498.0, 71 - Canoas
Curitibanos,SC,Marombas II,CGH.PH.SC.038154-3.1,CGH,Central Geradora Hidrelétrica,Operação,2019-11-01,1933.0,1933.0, 71 - Canoas
Curitibanos,SC,Pery,UHE.PH.SC.002045-1.2,UHE,Usina Hidrelétrica,Operação,2013-10-24,30000.0,30000.0, 71 - Canoas
Curitibanos,SC,Rio Das Pedras,CGH.PH.SC.029099-8.1,CGH,Central Geradora Hidrelétrica,Operação,2010-08-01,1500.3,1500.0, 71 - Canoas
Curitibanos,SC,Rio das Pedras,CGH.PH.SC.002340-0.1,CGH,Central Geradora Hidrelétrica,Operação,2010-08-01,880.0,880.0, 71 - Canoas
Curitibanos,SC,Sbravati,CGH.PH.SC.072656-7.1,CGH,Central Geradora Hidrelétrica,Operação,1975-01-01,1215.0,1215.0, 71 - Canoas
Curitibanos,SC,São Roque,UHE.PH.SC.030938-9.1,UHE,Usina Hidrelétrica,Operação,2022-07-21,141900.0,141900.0, 71 - Canoas
Dona Emma,SC,Helena Kuhlemann,CGH.PH.SC.030387-9.2,CGH,Central Geradora Hidrelétrica,Operação,2015-03-06,2050.0,2050.0, 83 - Itajai
Dona Emma,SC,Karl Kuhlemann,CGH.PH.SC.030394-1.2,CGH,Central Geradora Hidrelétrica,Operação,2013-12-27,2016.0,2016.0, 83 - Itajai
Doutor Pedrinho,SC,Salto Donner I,PCH.PH.SC.028931-0.1,PCH,Pequena Central Hidrelétrica,Operação,2007-05-10,1907.0,1907.0, 83 - Itajai
Doutor Pedrinho,SC,Salto Donner II,PCH.PH.SC.030353-4.1,PCH,Pequena Central Hidrelétrica,Operação,2012-07-31,2890.0,2890.0, 83 - Itajai
Erval Velho,SC,Antônio Viel,CGH.PH.SC.029680-5.1,CGH,Central Geradora Hidrelétrica,Operação,1959-11-01,340.0,340.0," 72 - Uruguai, Inhanduva, Peixe e outros"
Erval Velho,SC,Camboatá,CGH.PH.SC.030172-8.2,CGH,Central Geradora Hidrelétrica,Operação,2013-07-06,2000.0,2000.0," 72 - Uruguai, Inhanduva, Peixe e outros"
Erval Velho,SC,Salto do Leão,CGH.PH.SC.001320-0.2,CGH,Central Geradora Hidrelétrica,Operação,1946-01-01,1344.0,1344.0," 72 - Uruguai, Inhanduva, Peixe e outros"
Erval Velho,SC,Spessatto,CGH.PH.SC.029771-2.2,CGH,Central Geradora Hidrelétrica,Operação,2015-11-14,2700.0,2700.0," 72 - Uruguai, Inhanduva, Peixe e outros"
Faxinal dos Guedes,SC,Abrasa,CGH.PH.SC.000016-7.1,CGH,Central Geradora Hidrelétrica,Operação,1965-02-01,1460.0,1460.0," 73 - Uruguai, Chapeco,Passo Fundo e outros"
Faxinal dos Guedes,SC,Barra das Águas,PCH.PH.SC.035155-5.1,PCH,Pequena Central Hidrelétrica,Operação,2020-05-29,8500.0,8500.0," 73 - Uruguai, Chapeco,Passo Fundo e outros"
Faxinal dos Guedes,SC,Cachoeirinha,CGH.PH.SC.029225-7.1,CGH,Central Geradora Hidrelétrica,Operação,2007-01-01,1000.0,1000.0," 73 - Uruguai, Chapeco,Passo Fundo e outros"
Faxinal dos Guedes,SC,Celso Ramos,PCH.PH.SC.000742-0.1,PCH,Pequena Central Hidrelétrica,Operação,1963-01-02,13915.0,13915.0," 73 - Uruguai, Chapeco,Passo Fundo e outros"
Faxinal dos Guedes,SC,Faxinal,CGH.PH.SC.028830-6.2,CGH,Central Geradora Hidrelétrica,Operação,2007-02-23,4000.0,4000.0," 73 - Uruguai, Chapeco,Passo Fundo e outros"
Faxinal dos Guedes,SC,Plano Alto,PCH.PH.SC.028754-7.1,PCH,Pequena Central Hidrelétrica,Operação,2008-02-14,16000.0,16000.0," 73 - Uruguai, Chapeco,Passo Fundo e outros"
Faxinal dos Guedes,SC,Santa Laura,PCH.PH.SC.027972-2.1,PCH,Pequena Central Hidrelétrica,Operação,2007-10-01,15000.0,15000.0," 73 - Uruguai, Chapeco,Passo Fundo e outros"
Flor do Sertão,SC,Flor do Sertão,PCH.PH.SC.028852-7.1,PCH,Pequena Central Hidrelétrica,Operação,2007-07-28,16500.0,16500.0," 74 - Uruguai, Varzea, Turvo e outros"
Flor do Sertão,SC,Âmbar,PCH.PH.SC.033613-0.1,PCH,Pequena Central Hidrelétrica,Operação,2021-12-30,5100.0,5100.0," 74 - Uruguai, Varzea, Turvo e outros"
Fraiburgo,SC,Alirio Sens,CGH.PH.SC.030643-6.1,CGH,Central Geradora Hidrelétrica,Operação,2016-08-01,2836.0,2836.0, 71 - Canoas
Frei Rogério,SC,Iguaçu-Salto Correntes-Hidro1,CGH.PH.SC.035697-2.1,CGH,Central Geradora Hidrelétrica,Operação,1970-12-01,400.0,400.0, 71 - Canoas
Frei Rogério,SC,Iguaçu-salto Correntes-hidro1,CGH.PH.SC.035630-1.1,CGH,Central Geradora Hidrelétrica,Operação,1970-12-01,400.0,400.0, 71 - Canoas
Frei Rogério,SC,São Roque,UHE.PH.SC.030938-9.1,UHE,Usina Hidrelétrica,Operação,2022-07-21,141900.0,141900.0, 71 - Canoas
Guaraciaba,SC,Garça Branca,PCH.PH.SC.031059-0.1,PCH,Pequena Central Hidrelétrica,Operação,2018-07-17,6500.0,6500.0," 74 - Uruguai, Varzea, Turvo e outros"
Guaraciaba,SC,Sede das Flores,CGH.PH.SC.029939-1.1,CGH,Central Geradora Hidrelétrica,Operação,1900-01-03,1000.0,1000.0," 74 - Uruguai, Varzea, Turvo e outros"
Guatambú,SC,Bom Retiro Chapeco,CGH.PH.SC.040776-3.1,CGH,Central Geradora Hidrelétrica,Operação,2018-08-13,3000.0,3000.0," 73 - Uruguai, Chapeco,Passo Fundo e outros"
Guatambú,SC,Dona Clemes,CGH.PH.SC.072283-9.1,CGH,Central Geradora Hidrelétrica,Operação,2025-06-01,2999.98,2999.0," 73 - Uruguai, Chapeco,Passo Fundo e outros"
Guatambú,SC,Macuco,CGH.PH.SC.030598-7.1,CGH,Central Geradora Hidrelétrica,Operação,2011-05-11,720.0,720.0," 73 - Uruguai, Chapeco,Passo Fundo e outros"
Guatambú,SC,Parisotto,CGH.PH.SC.030998-2.1,CGH,Central Geradora Hidrelétrica,Operação,2012-09-04,1440.0,1440.0," 73 - Uruguai, Chapeco,Passo Fundo e outros"
Guatambú,SC,Rio Tigre,CGH.PH.SC.002514-3.2,CGH,Central Geradora Hidrelétrica,Operação,2020-11-20,5000.0,5000.0," 73 - Uruguai, Chapeco,Passo Fundo e outros"
Ibicaré,SC,Ibicaré,PCH.PH.SC.035782-0.1,PCH,Pequena Central Hidrelétrica,Construção,1900-01-03,9000.0,0.0," 72 - Uruguai, Inhanduva, Peixe e outros"
Ibicaré,SC,Linha Rica,PCH.PH.SC.032879-0.1,PCH,Pequena Central Hidrelétrica,Operação,2021-12-09,9965.0,9965.0," 72 - Uruguai, Inhanduva, Peixe e outros"
Ibirama,SC,Ibirama,PCH.PH.SC.029049-1.1,PCH,Pequena Central Hidrelétrica,Operação,2010-12-21,21000.0,21000.0, 83 - Itajai
Ibirama,SC,Salto Pilão,UHE.PH.SC.028564-1.1,UHE,Usina Hidrelétrica,Operação,2009-12-11,191890.0,191890.0, 83 - Itajai
Indaial,SC,Estação Indaial,PCH.PH.SC.030101-9.1,PCH,Pequena Central Hidrelétrica,Construção não iniciada,1900-01-03,27000.0,0.0, 83 - Itajai
Ipira,SC,Pira,PCH.PH.SC.034669-1.1,PCH,Pequena Central Hidrelétrica,Operação,2025-09-10,24000.0,24000.0," 72 - Uruguai, Inhanduva, Peixe e outros"
Ipira,SC,Piratuba,PCH.PH.SC.037546-2.1,PCH,Pequena Central Hidrelétrica,Construção não iniciada,1900-01-03,16000.0,0.0," 72 - Uruguai, Inhanduva, Peixe e outros"
Ipuaçu,SC,Ludesa,PCH.PH.SC.028801-2.1,PCH,Pequena Central Hidrelétrica,Operação,2007-08-01,30000.0,30000.0," 73 - Uruguai, Chapeco,Passo Fundo e outros"
Ipuaçu,SC,Quebra Queixo,UHE.PH.SC.002167-9.1,UHE,Usina Hidrelétrica,Operação,2003-12-31,120000.0,120000.0," 73 - Uruguai, Chapeco,Passo Fundo e outros"
Ipuaçu,SC,Santa Luzia Alto,PCH.PH.SC.029652-0.1,PCH,Pequena Central Hidrelétrica,Operação,2011-07-01,28500.0,28500.0," 73 - Uruguai, Chapeco,Passo Fundo e outros"
Ipumirim,SC,Jacutinga,CGH.PH.SC.033711-0.2,CGH,Central Geradora Hidrelétrica,Operação,2021-03-05,4950.0,4950.0," 73 - Uruguai, Chapeco,Passo Fundo e outros"
Iraceminha,SC,Fortaleza,PCH.PH.SC.035466-0.1,PCH,Pequena Central Hidrelétrica,Construção não iniciada,1900-01-03,10000.0,0.0," 74 - Uruguai, Varzea, Turvo e outros"
Iraceminha,SC,IRACEMA,CGH.PH.SC.075574-5.1,CGH,Central Geradora Hidrelétrica,Operação,2022-11-10,1000.0,1000.0,
Irineópolis,SC,Espraiado,PCH.PH.SC.035526-7.1,PCH,Pequena Central Hidrelétrica,Construção não iniciada,1900-01-03,29000.0,0.0," 65 - Parana, Iguacu"
Irineópolis,SC,Rio Timbó,PCH.PH.SC.028744-0.1,PCH,Pequena Central Hidrelétrica,Operação,1959-08-15,5500.0,5500.0," 65 - Parana, Iguacu"
Irineópolis,SC,Tamanduá,PCH.PH.SC.030410-7.1,PCH,Pequena Central Hidrelétrica,Construção não iniciada,1900-01-03,16000.0,0.0," 65 - Parana, Iguacu"
Itaiópolis,SC,Salto I,CGH.PH.SC.075573-7.1,CGH,Central Geradora Hidrelétrica,Operação,2025-05-26,4500.0,4500.0, 83 - Itajai
Ituporanga,SC,Aguas Negras,CGH.PH.SC.030891-9.1,CGH,Central Geradora Hidrelétrica,Operação,2010-10-21,0.99,0.0, 83 - Itajai
Itá,SC,Itá,UHE.PH.RS.001152-5.1,UHE,Usina Hidrelétrica,Operação,2000-06-15,1450000.0,1450000.0," 73 - Uruguai, Chapeco,Passo Fundo e outros"
Itá,SC,Uvaia,CGH.PH.SC.035739-1.1,CGH,Central Geradora Hidrelétrica,Operação,2017-02-01,2800.0,2800.0," 73 - Uruguai, Chapeco,Passo Fundo e outros"
Jaborá,SC,Brancher,CGH.PH.SC.031513-3.1,CGH,Central Geradora Hidrelétrica,Operação,1974-01-01,700.0,700.0," 73 - Uruguai, Chapeco,Passo Fundo e outros"
Jaraguá do Sul,SC,ITAPOCUZINHO IIA,PCH.PH.SC.035753-7.1,PCH,Pequena Central Hidrelétrica,Operação,2020-07-22,11700.0,11700.0," 82 - Cachoeira, Sao Joao e outros"
Jaraguá do Sul,SC,Itapocuzinho I,CGH.PH.SC.028727-0.1,CGH,Central Geradora Hidrelétrica,Operação,2001-03-06,480.0,480.0," 82 - Cachoeira, Sao Joao e outros"
Jaraguá do Sul,SC,Itapocuzinho II,CGH.PH.SC.035335-3.1,CGH,Central Geradora Hidrelétrica,Operação,2015-11-12,1650.0,1650.0," 82 - Cachoeira, Sao Joao e outros"
Jardinópolis,SC,Aparecida I,CGH.PH.SC.035736-7.1,CGH,Central Geradora Hidrelétrica,Operação,2017-05-11,3060.0,3060.0," 73 - Uruguai, Chapeco,Passo Fundo e outros"
Jardinópolis,SC,Barrinha,PCH.PH.SC.034743-4.1,PCH,Pequena Central Hidrelétrica,Operação,2019-07-27,3300.0,3300.0," 73 - Uruguai, Chapeco,Passo Fundo e outros"
Joaçaba,SC,Mario Fett,CGH.PH.SC.002354-0.1,CGH,Central Geradora Hidrelétrica,Operação,1947-01-01,1710.0,1710.0," 72 - Uruguai, Inhanduva, Peixe e outros"
Joaçaba,SC,Santa Anna,CGH.PH.SC.027620-0.2,CGH,Central Geradora Hidrelétrica,Operação,1959-06-30,1345.0,1345.0," 72 - Uruguai, Inhanduva, Peixe e outros"
Joaçaba,SC,São Francisco,CGH.PH.SC.032561-9.2,CGH,Central Geradora Hidrelétrica,Operação,1953-10-31,460.0,460.0," 72 - Uruguai, Inhanduva, Peixe e outros"
Joinville,SC,ITAPOCUZINHO IIA,PCH.PH.SC.035753-7.1,PCH,Pequena Central Hidrelétrica,Operação,2020-07-22,11700.0,11700.0," 82 - Cachoeira, Sao Joao e outros"
Joinville,SC,Piraí,CGH.PH.SC.002076-1.2,CGH,Central Geradora Hidrelétrica,Operação,1908-01-01,780.0,780.0," 82 - Cachoeira, Sao Joao e outros"
Lacerdópolis,SC,Antônio Viel,CGH.PH.SC.029680-5.1,CGH,Central Geradora Hidrelétrica,Operação,1959-11-01,340.0,340.0," 72 - Uruguai, Inhanduva, Peixe e outros"
Lacerdópolis,SC,Lacerdópolis,PCH.PH.SC.037820-8.1,PCH,Pequena Central Hidrelétrica,Operação,2025-02-27,9600.0,9600.0," 72 - Uruguai, Inhanduva, Peixe e outros"
Lacerdópolis,SC,São Carlos,PCH.PH.SC.033762-5.1,PCH,Pequena Central Hidrelétrica,Operação,2023-03-15,15199.0,15199.0," 72 - Uruguai, Inhanduva, Peixe e outros"
Lages,SC,Boa Vista,PCH.PH.SC.031439-0.1,PCH,Pequena Central Hidrelétrica,Operação,2025-04-10,5600.0,5600.0, 70 - Pelotas
Lages,SC,Caveiras,PCH.PH.SC.000728-5.2,PCH,Pequena Central Hidrelétrica,Operação,1940-01-01,9400.0,2580.0, 71 - Canoas
Lages,SC,João Borges,PCH.PH.SC.029332-6.1,PCH,Pequena Central Hidrelétrica,Operação,2013-07-27,19000.0,19000.0, 71 - Canoas
Lages,SC,Malacara,PCH.PH.SC.037248-0.1,PCH,Pequena Central Hidrelétrica,Construção não iniciada,1900-01-03,10500.0,0.0, 70 - Pelotas
Lages,SC,Santo Cristo,PCH.PH.SC.030982-6.1,PCH,Pequena Central Hidrelétrica,Construção,1900-01-03,19499.0,0.0, 70 - Pelotas
Lebon Régis,SC,Lebon Régis,PCH.PH.SC.045165-7.1,PCH,Pequena Central Hidrelétrica,Construção,1900-01-03,6000.0,0.0, 71 - Canoas
Lebon Régis,SC,RUDOLF LINDNER,CGH.PH.SC.032070-6.1,CGH,Central Geradora Hidrelétrica,Operação,2014-10-01,835.0,835.0, 71 - Canoas
Leoberto Leal,SC,Figueira do Tigre,CGH.PH.SC.046897-5.1,CGH,Central Geradora Hidrelétrica,Operação,2022-11-22,2200.0,2200.0," 84 - Tubarao, Capivari e outros"
Leoberto Leal,SC,Santa Paulina,CGH.PH.SC.043184-2.1,CGH,Central Geradora Hidrelétrica,Operação,2021-06-09,3300.0,3300.0," 84 - Tubarao, Capivari e outros"
Lontras,SC,Rio do Sul,PCH.PH.SC.035427-9.1,PCH,Pequena Central Hidrelétrica,Construção não iniciada,1900-01-03,10000.0,0.0, 83 - Itajai
Lontras,SC,Salto Pilão,UHE.PH.SC.028564-1.1,UHE,Usina Hidrelétrica,Operação,2009-12-11,191890.0,191890.0, 83 - Itajai
Luiz Alves,SC,Acearia Frederico Missner (Antiga Rio Luiz Alves),CGH.PH.SC.030419-0.1,CGH,Central Geradora Hidrelétrica,Operação,1975-11-01,412.5,412.0, 83 - Itajai
Luzerna,SC,Santa Anna,CGH.PH.SC.027620-0.2,CGH,Central Geradora Hidrelétrica,Operação,1959-06-30,1345.0,1345.0," 72 - Uruguai, Inhanduva, Peixe e outros"
Luzerna,SC,São Francisco,CGH.PH.SC.032561-9.2,CGH,Central Geradora Hidrelétrica,Operação,1953-10-31,460.0,460.0," 72 - Uruguai, Inhanduva, Peixe e outros"
Mafra,SC,São Lourenço,CGH.PH.SC.027186-1.1,CGH,Central Geradora Hidrelétrica,Operação,1910-01-01,420.0,420.0," 65 - Parana, Iguacu"
Major Gercino,SC,Angelina (Antiga Portobello - Corredeira do Encano),PCH.PH.SC.002133-4.1,PCH,Pequena Central Hidrelétrica,Operação,2010-03-02,26270.0,26270.0," 84 - Tubarao, Capivari e outros"
Major Gercino,SC,Karam,CGH.PH.SC.075533-8.1,CGH,Central Geradora Hidrelétrica,Construção não iniciada,1900-01-03,2000.0,0.0,
Major Gercino,SC,São Sebastião,PCH.PH.SC.030526-0.1,PCH,Pequena Central Hidrelétrica,Operação,2012-12-22,9900.0,9900.0," 84 - Tubarao, Capivari e outros"
Maravilha,SC,Rio Bonito,CGH.PH.SC.029882-4.1,CGH,Central Geradora Hidrelétrica,Operação,2010-01-01,950.0,950.0, 83 - Itajai
Matos Costa,SC,Calplast,CGH.PH.SC.029883-2.1,CGH,Central Geradora Hidrelétrica,Operação,2019-10-01,640.0,640.0," 65 - Parana, Iguacu"
Matos Costa,SC,Pardos,PCH.PH.SC.030123-0.1,PCH,Pequena Central Hidrelétrica,Operação,2013-03-27,10000.0,10000.0," 65 - Parana, Iguacu"
Matos Costa,SC,Rio Preto,CGH.PH.SC.002394-9.1,CGH,Central Geradora Hidrelétrica,Operação,1944-05-15,93.5,93.0," 65 - Parana, Iguacu"
Matos Costa,SC,Salto Lili,CGH.PH.PR.028331-2.1,CGH,Central Geradora Hidrelétrica,Operação,1965-11-24,160.0,160.0," 65 - Parana, Iguacu"
Mirim Doce,SC,Mirim Doce,CGH.PH.SC.029980-4.1,CGH,Central Geradora Hidrelétrica,Operação,1900-01-03,845.0,845.0, 83 - Itajai
Mirim Doce,SC,Salto do Taió,CGH.PH.SC.002641-7.1,CGH,Central Geradora Hidrelétrica,Operação,1954-07-13,917.0,917.0, 83 - Itajai
Modelo,SC,PETINGA,CGH.PH.SC.076035-8.1,CGH,Central Geradora Hidrelétrica,Operação,2022-01-11,710.0,710.0,
Nova Itaberaba,SC,Nova Erechim,PCH.PH.SC.037124-6.1,PCH,Pequena Central Hidrelétrica,Construção,1900-01-03,24001.0,0.0," 73 - Uruguai, Chapeco,Passo Fundo e outros"
Nova Trento,SC,Aguti,CGH.PH.SC.029711-9.2,CGH,Central Geradora Hidrelétrica,Operação,2011-11-19,3900.6,3900.0," 84 - Tubarao, Capivari e outros"
Nova Trento,SC,Nova Trento,PCH.PH.SC.029716-0.1,PCH,Pequena Central Hidrelétrica,Construção não iniciada,1900-01-03,4680.0,0.0," 84 - Tubarao, Capivari e outros"
Nova Trento,SC,São Sebastião,CGH.PH.SC.029712-7.2,CGH,Central Geradora Hidrelétrica,Operação,2012-10-04,3700.8,3700.0," 84 - Tubarao, Capivari e outros"
Nova Trento,SC,São Valentim,CGH.PH.SC.029710-0.2,CGH,Central Geradora Hidrelétrica,Operação,2013-11-28,2581.2,2581.0," 84 - Tubarao, Capivari e outros"
Ouro,SC,Alto Alegre,PCH.PH.SC.037173-4.1,PCH,Pequena Central Hidrelétrica,Construção,1900-01-03,17393.0,0.0," 72 - Uruguai, Inhanduva, Peixe e outros"
Ouro,SC,Piratuba,PCH.PH.SC.037546-2.1,PCH,Pequena Central Hidrelétrica,Construção não iniciada,1900-01-03,16000.0,0.0," 72 - Uruguai, Inhanduva, Peixe e outros"
Ouro,SC,Águas de Ouro,PCH.PH.SC.037302-8.1,PCH,Pequena Central Hidrelétrica,Construção não iniciada,1900-01-03,17000.0,0.0," 72 - Uruguai, Inhanduva, Peixe e outros"
Ouro Verde,SC,Armando Selig,CGH.PH.SC.029879-4.1,CGH,Central Geradora Hidrelétrica,Operação,1976-03-10,360.0,360.0," 73 - Uruguai, Chapeco,Passo Fundo e outros"
Ouro Verde,SC,Faxinal,CGH.PH.SC.028830-6.2,CGH,Central Geradora Hidrelétrica,Operação,2007-02-23,4000.0,4000.0," 73 - Uruguai, Chapeco,Passo Fundo e outros"
Ouro Verde,SC,Hervalzinho,CGH.PH.SC.029880-8.1,CGH,Central Geradora Hidrelétrica,Operação,1976-03-10,300.0,300.0," 73 - Uruguai, Chapeco,Passo Fundo e outros"
Ouro Verde,SC,Santa Laura,PCH.PH.SC.027972-2.1,PCH,Pequena Central Hidrelétrica,Operação,2007-10-01,15000.0,15000.0," 73 - Uruguai, Chapeco,Passo Fundo e outros"
Palma Sola,SC,Crelin,CGH.PH.SC.030853-6.1,CGH,Central Geradora Hidrelétrica,Operação,2013-07-10,355.2,355.0," 74 - Uruguai, Varzea, Turvo e outros"
Palma Sola,SC,DALL'IGNA,CGH.PH.SC.032154-0.1,CGH,Central Geradora Hidrelétrica,Operação,1950-01-01,264.0,264.0," 74 - Uruguai, Varzea, Turvo e outros"
Palma Sola,SC,Detofol,CGH.PH.SC.029605-8.1,CGH,Central Geradora Hidrelétrica,Operação,2009-07-21,510.0,510.0," 74 - Uruguai, Varzea, Turvo e outros"
Palma Sola,SC,Palma Sola,CGH.PH.SC.029482-9.1,CGH,Central Geradora Hidrelétrica,Operação,1962-06-26,836.0,836.0," 74 - Uruguai, Varzea, Turvo e outros"
Palma Sola,SC,Wasser Kraft,CGH.PH.SC.029589-2.1,CGH,Central Geradora Hidrelétrica,Operação,2009-01-01,1400.0,1400.0," 74 - Uruguai, Varzea, Turvo e outros"
Paraíso,SC,Paraíso,CGH.PH.SC.035743-0.1,CGH,Central Geradora Hidrelétrica,Operação,2020-03-21,1000.0,1000.0," 74 - Uruguai, Varzea, Turvo e outros"
Paraíso,SC,Salto das Flores,PCH.PH.SC.028831-4.1,PCH,Pequena Central Hidrelétrica,Operação,2011-10-18,6700.0,6700.0," 74 - Uruguai, Varzea, Turvo e outros"
Passos Maia,SC,Dalapria,PCH.PH.SC.028985-0.1,PCH,Pequena Central Hidrelétrica,Operação,1985-02-01,1440.0,1440.0," 73 - Uruguai, Chapeco,Passo Fundo e outros"
Passos Maia,SC,Ponte Serrada,PCH.PH.SC.033228-3.1,PCH,Pequena Central Hidrelétrica,Operação,2020-10-01,4320.0,4320.0," 73 - Uruguai, Chapeco,Passo Fundo e outros"
Passos Maia,SC,Rondinha,PCH.PH.SC.030382-8.1,PCH,Pequena Central Hidrelétrica,Operação,2014-06-04,9600.0,9600.0," 73 - Uruguai, Chapeco,Passo Fundo e outros"
Passos Maia,SC,Santa Rosa,PCH.PH.SC.034059-6.1,PCH,Pequena Central Hidrelétrica,Construção não iniciada,1900-01-03,9990.0,0.0," 73 - Uruguai, Chapeco,Passo Fundo e outros"
Passos Maia,SC,Taborda,CGH.PH.SC.030952-4.1,CGH,Central Geradora Hidrelétrica,Operação,1969-02-10,80.0,80.0," 73 - Uruguai, Chapeco,Passo Fundo e outros"
Passos Maia,SC,Victor Baptista Adami (Antiga Passos Maia),PCH.PH.SC.029072-6.1,PCH,Pequena Central Hidrelétrica,Operação,2012-02-18,25000.0,25000.0," 73 - Uruguai, Chapeco,Passo Fundo e outros"
Pedras Grandes,SC,AZL Zanella,CGH.PH.SC.038247-7.1,CGH,Central Geradora Hidrelétrica,Operação,2017-08-01,100.0,100.0," 84 - Tubarao, Capivari e outros"
Pedras Grandes,SC,Daltro Bianchini,CGH.PH.SC.029101-3.1,CGH,Central Geradora Hidrelétrica,Operação,2004-08-18,360.0,360.0," 84 - Tubarao, Capivari e outros"
Peritiba,SC,Rancho Grande Ger,CGH.PH.SC.044841-9.1,CGH,Central Geradora Hidrelétrica,Operação,2018-03-01,1010.5,1010.0," 73 - Uruguai, Chapeco,Passo Fundo e outros"
Petrolândia,SC,Palheiros Klabin,CGH.PH.SC.001939-9.2,CGH,Central Geradora Hidrelétrica,Operação,1952-12-01,1840.0,1840.0, 71 - Canoas
Pinheiro Preto,SC,Força e Luz São Pedro,CGH.PH.SC.029876-0.1,CGH,Central Geradora Hidrelétrica,Operação,2008-09-22,828.0,828.0," 72 - Uruguai, Inhanduva, Peixe e outros"
Piratuba,SC,Machadinho,UHE.PH.SC.001356-0.1,UHE,Usina Hidrelétrica,Operação,2002-02-16,1140000.0,1140000.0," 72 - Uruguai, Inhanduva, Peixe e outros"
Piratuba,SC,Piratuba,PCH.PH.SC.037546-2.1,PCH,Pequena Central Hidrelétrica,Construção não iniciada,1900-01-03,16000.0,0.0," 72 - Uruguai, Inhanduva, Peixe e outros"
Pomerode,SC,Weiku,CGH.PH.SC.072293-6.1,CGH,Central Geradora Hidrelétrica,Operação,2023-04-01,129.6,129.0, 83 - Itajai
Ponte Alta,SC,Arroio dos Cachorros,CGH.PH.SC.030423-9.1,CGH,Central Geradora Hidrelétrica,Operação,2011-11-07,990.0,990.0, 71 - Canoas
Ponte Alta do Norte,SC,Casagrande SA,CGH.PH.SC.033998-9.1,CGH,Central Geradora Hidrelétrica,Operação,2015-01-15,999.0,999.0, 71 - Canoas
Ponte Serrada,SC,CGH  Rio do Mato,CGH.PH.SC.029945-6.1,CGH,Central Geradora Hidrelétrica,Operação,2014-06-26,1200.0,1200.0," 73 - Uruguai, Chapeco,Passo Fundo e outros"
Ponte Serrada,SC,Sagrado Coração de Jesus,CGH.PH.SC.029500-0.1,CGH,Central Geradora Hidrelétrica,Operação,1952-05-01,850.0,850.0," 73 - Uruguai, Chapeco,Passo Fundo e outros"
Ponte Serrada,SC,São Luiz,PCH.PH.SC.026867-4.1,PCH,Pequena Central Hidrelétrica,Construção não iniciada,1900-01-03,11500.0,0.0," 73 - Uruguai, Chapeco,Passo Fundo e outros"
Porto União,SC,Baitaca,CGH.PH.SC.030153-1.2,CGH,Central Geradora Hidrelétrica,Operação,2012-12-11,2700.0,2700.0," 65 - Parana, Iguacu"
Porto União,SC,Pardos,PCH.PH.SC.030123-0.1,PCH,Pequena Central Hidrelétrica,Operação,2013-03-27,10000.0,10000.0," 65 - Parana, Iguacu"
Porto União,SC,Rio Bonito,CGH.PH.SC.030132-9.2,CGH,Central Geradora Hidrelétrica,Operação,2012-12-11,1530.0,1530.0," 65 - Parana, Iguacu"
Porto União,SC,Rio Timbó,PCH.PH.SC.028744-0.1,PCH,Pequena Central Hidrelétrica,Operação,1959-08-15,5500.0,5500.0," 65 - Parana, Iguacu"
Porto União,SC,Salto Pintado,CGH.PH.SC.002665-4.1,CGH,Central Geradora Hidrelétrica,Operação,1986-05-10,999.5,999.0," 65 - Parana, Iguacu"
Porto União,SC,São Domingos,CGH.PH.SC.029511-6.1,CGH,Central Geradora Hidrelétrica,Operação,1974-06-13,180.0,180.0," 65 - Parana, Iguacu"
Porto União,SC,Tamanduá,CGH.PH.SC.029510-8.1,CGH,Central Geradora Hidrelétrica,Operação,1970-08-16,38.4,38.0," 65 - Parana, Iguacu"
Presidente Nereu,SC,Bertoldo Jacobsen,CGH.PH.SC.037406-7.1,CGH,Central Geradora Hidrelétrica,Operação,2017-02-01,1000.0,1000.0, 83 - Itajai
Princesa,SC,Princesa,CGH.PH.SC.029988-0.1,CGH,Central Geradora Hidrelétrica,Operação,2017-05-01,55.0,55.0," 74 - Uruguai, Varzea, Turvo e outros"
Quilombo,SC,Limoeiro,CGH.PH.SC.048524-1.1,CGH,Central Geradora Hidrelétrica,Operação,2022-07-22,1000.0,1000.0," 73 - Uruguai, Chapeco,Passo Fundo e outros"
Rio Fortuna,SC,Barra do Rio Chapéu,PCH.PH.SC.029141-2.1,PCH,Pequena Central Hidrelétrica,Operação,2013-02-19,15150.0,15150.0," 84 - Tubarao, Capivari e outros"
Rio Fortuna,SC,Rio Chapéu,CGH.PH.SC.029425-0.1,CGH,Central Geradora Hidrelétrica,Operação,2007-04-20,960.0,960.0," 84 - Tubarao, Capivari e outros"
Rio Fortuna,SC,Rio Fortuna,PCH.PH.SC.029140-4.1,PCH,Pequena Central Hidrelétrica,Operação,2012-10-30,6990.0,6990.0," 84 - Tubarao, Capivari e outros"
Rio Fortuna,SC,São Mauricio,CGH.PH.SC.029137-4.1,CGH,Central Geradora Hidrelétrica,Operação,2010-04-29,2500.0,2500.0,
Rio Fortuna,SC,Wiggers,CGH.PH.SC.029384-9.1,CGH,Central Geradora Hidrelétrica,Operação,2006-01-31,600.0,600.0," 84 - Tubarao, Capivari e outros"
Rio Negrinho,SC,Bituva,CGH.PH.SC.000264-0.1,CGH,Central Geradora Hidrelétrica,Operação,1979-08-17,552.0,552.0," 65 - Parana, Iguacu"
Rio Negrinho,SC,Rio Preto,CGH.PH.SC.028896-9.1,CGH,Central Geradora Hidrelétrica,Operação,1988-08-28,360.0,360.0," 65 - Parana, Iguacu"
Rio Negrinho,SC,Salto Grande,CGH.PH.SC.030948-6.2,CGH,Central Geradora Hidrelétrica,Operação,1950-08-01,1600.0,1600.0," 65 - Parana, Iguacu"
Rio das Antas,SC,Rio das Antas Energética,CGH.PH.SC.035364-7.1,CGH,Central Geradora Hidrelétrica,Operação,1980-09-09,320.0,320.0," 72 - Uruguai, Inhanduva, Peixe e outros"
Rio do Campo,SC,G & D,CGH.PH.SC.031623-7.1,CGH,Central Geradora Hidrelétrica,Operação,2014-06-01,1000.0,1000.0, 83 - Itajai
Rio do Campo,SC,Rio Verde,CGH.PH.SC.030968-0.1,CGH,Central Geradora Hidrelétrica,Operação,2005-01-01,825.0,825.0, 83 - Itajai
Rio dos Cedros,SC,Arrozeira Meyer,PCH.PH.SC.030131-0.1,PCH,Pequena Central Hidrelétrica,Construção,1900-01-03,24000.0,0.0, 83 - Itajai
Rio dos Cedros,SC,Cedros (Rio dos Cedros),UHE.PH.SC.000737-4.2,UHE,Usina Hidrelétrica,Operação,1949-01-01,8400.0,8400.0, 83 - Itajai
Rio dos Cedros,SC,Palmeiras,UHE.PH.SC.001945-3.1,UHE,Usina Hidrelétrica,Operação,1963-01-01,24602.0,24602.0, 83 - Itajai
Rodeio,SC,Rodeio,PCH.PH.SC.035530-5.1,PCH,Pequena Central Hidrelétrica,Operação,2025-02-21,9750.0,9750.0, 83 - Itajai
Romelândia,SC,Jaspe,PCH.PH.SC.032571-6.1,PCH,Pequena Central Hidrelétrica,Operação,2024-10-10,5100.0,5100.0," 74 - Uruguai, Varzea, Turvo e outros"
Romelândia,SC,São Jorge,PCH.PH.SC.030379-8.1,PCH,Pequena Central Hidrelétrica,Operação,2014-08-23,8700.0,8700.0," 74 - Uruguai, Varzea, Turvo e outros"
Romelândia,SC,Âmbar,PCH.PH.SC.033613-0.1,PCH,Pequena Central Hidrelétrica,Operação,2021-12-30,5100.0,5100.0," 74 - Uruguai, Varzea, Turvo e outros"
Santa Cecília,SC,CENTRAL III,CGH.PH.SC.038334-1.1,CGH,Central Geradora Hidrelétrica,Operação,2017-12-06,2975.0,2975.0," 65 - Parana, Iguacu"
Santa Cecília,SC,Cadoriti,CGH.PH.SC.029878-6.1,CGH,Central Geradora Hidrelétrica,Operação,2008-01-22,495.0,495.0, 71 - Canoas
Santa Cecília,SC,Central I,CGH.PH.SC.028914-0.1,CGH,Central Geradora Hidrelétrica,Operação,2017-12-12,871.2,871.0, 71 - Canoas
Santa Cecília,SC,Central II,CGH.PH.SC.028925-6.1,CGH,Central Geradora Hidrelétrica,Operação,2017-12-12,871.2,871.0, 71 - Canoas
Santa Cecília,SC,Frascal,CGH.PH.SC.031041-7.1,CGH,Central Geradora Hidrelétrica,Operação,2015-04-06,2200.0,2200.0, 71 - Canoas
Santa Cecília,SC,POLPA PAPEIS,CGH.PH.SC.075243-6.1,CGH,Central Geradora Hidrelétrica,Operação,2024-08-01,1100.0,1100.0,
Santa Rosa de Lima,SC,Barra do Rio Chapéu,PCH.PH.SC.029141-2.1,PCH,Pequena Central Hidrelétrica,Operação,2013-02-19,15150.0,15150.0," 84 - Tubarao, Capivari e outros"
Santa Rosa de Lima,SC,Nova Fátima,CGH.PH.SC.029139-0.1,CGH,Central Geradora Hidrelétrica,Operação,2012-05-01,4100.0,4100.0," 84 - Tubarao, Capivari e outros"
Santa Rosa de Lima,SC,Santa Rosa,PCH.PH.SC.028844-6.1,PCH,Pequena Central Hidrelétrica,Operação,2013-12-14,6700.0,6700.0," 84 - Tubarao, Capivari e outros"
Santa Terezinha,SC,Rio Itaiozinho,CGH.PH.SC.029756-9.1,CGH,Central Geradora Hidrelétrica,Operação,2005-12-10,990.0,990.0, 83 - Itajai
Santa Terezinha,SC,Salto I,CGH.PH.SC.075573-7.1,CGH,Central Geradora Hidrelétrica,Operação,2025-05-26,4500.0,4500.0, 83 - Itajai
Saudades,SC,Barra Escondida,PCH.PH.SC.029560-4.1,PCH,Pequena Central Hidrelétrica,Operação,2009-01-31,2250.0,2250.0," 73 - Uruguai, Chapeco,Passo Fundo e outros"
Schroeder,SC,Bracinho,UHE.PH.SC.000302-6.2,UHE,Usina Hidrelétrica,Operação,1931-01-01,15000.0,15000.0," 82 - Cachoeira, Sao Joao e outros"
Schroeder,SC,Itapocuzinho I,CGH.PH.SC.028727-0.1,CGH,Central Geradora Hidrelétrica,Operação,2001-03-06,480.0,480.0," 82 - Cachoeira, Sao Joao e outros"
Schroeder,SC,Itapocuzinho II,CGH.PH.SC.035335-3.1,CGH,Central Geradora Hidrelétrica,Operação,2015-11-12,1650.0,1650.0," 82 - Cachoeira, Sao Joao e outros"
Serra Alta,SC,Burro Branco I,CGH.PH.SC.035415-5.1,CGH,Central Geradora Hidrelétrica,Operação,2016-01-05,909.0,909.0," 73 - Uruguai, Chapeco,Passo Fundo e outros"
Sul Brasil,SC,Aparecida I,CGH.PH.SC.035736-7.1,CGH,Central Geradora Hidrelétrica,Operação,2017-05-11,3060.0,3060.0," 73 - Uruguai, Chapeco,Passo Fundo e outros"
Sul Brasil,SC,Barrinha,PCH.PH.SC.034743-4.1,PCH,Pequena Central Hidrelétrica,Operação,2019-07-27,3300.0,3300.0," 73 - Uruguai, Chapeco,Passo Fundo e outros"
Sul Brasil,SC,Lambari,PCH.PH.SC.035120-2.1,PCH,Pequena Central Hidrelétrica,Operação,2020-03-03,4500.0,4500.0," 73 - Uruguai, Chapeco,Passo Fundo e outros"
São Bento do Sul,SC,Rabo do Macaco,PCH.PH.SC.032305-5.1,PCH,Pequena Central Hidrelétrica,Construção,1900-01-03,5700.0,0.0," 82 - Cachoeira, Sao Joao e outros"
São Bento do Sul,SC,Rio Natal I,PCH.PH.SC.032264-4.1,PCH,Pequena Central Hidrelétrica,Construção,1900-01-03,8480.0,0.0," 82 - Cachoeira, Sao Joao e outros"
São Bento do Sul,SC,Rio Vermelho,CGH.PH.SC.029729-1.2,CGH,Central Geradora Hidrelétrica,Operação,2008-07-15,2400.0,2400.0," 82 - Cachoeira, Sao Joao e outros"
São Bento do Sul,SC,Rio Vermelho URVE,CGH.PH.SC.031376-9.1,CGH,Central Geradora Hidrelétrica,Operação,2013-12-01,440.0,440.0," 82 - Cachoeira, Sao Joao e outros"
São Bonifácio,SC,Capivari,PCH.PH.SC.000659-9.1,PCH,Pequena Central Hidrelétrica,Operação,2017-02-23,18738.0,18090.0," 84 - Tubarao, Capivari e outros"
São Bonifácio,SC,Rio do Poncho I,CGH.PH.SC.030368-2.1,CGH,Central Geradora Hidrelétrica,Operação,1994-09-27,1000.0,1000.0," 84 - Tubarao, Capivari e outros"
São Bonifácio,SC,Rio do Poncho II,CGH.PH.SC.029592-2.1,CGH,Central Geradora Hidrelétrica,Operação,1998-11-15,883.0,883.0," 84 - Tubarao, Capivari e outros"
São Bonifácio,SC,Santa Maria,CGH.PH.SC.044298-4.1,CGH,Central Geradora Hidrelétrica,Operação,2024-01-04,670.0,670.0," 84 - Tubarao, Capivari e outros"
São Bonifácio,SC,Volta Grande,CGH.PH.SC.030494-8.2,CGH,Central Geradora Hidrelétrica,Operação,2016-12-01,3130.0,3130.0," 84 - Tubarao, Capivari e outros"
São Cristovão do Sul,SC,Apolo,CGH.PH.SC.035531-3.1,CGH,Central Geradora Hidrelétrica,Operação,2017-02-16,990.0,990.0, 71 - Canoas
São Domingos,SC,Dall´asta,CGH.PH.SC.030869-2.1,CGH,Central Geradora Hidrelétrica,Operação,1974-05-20,720.0,720.0," 73 - Uruguai, Chapeco,Passo Fundo e outros"
São Domingos,SC,Ludesa,PCH.PH.SC.028801-2.1,PCH,Pequena Central Hidrelétrica,Operação,2007-08-01,30000.0,30000.0," 73 - Uruguai, Chapeco,Passo Fundo e outros"
São Domingos,SC,Markmann,CGH.PH.SC.029981-2.1,CGH,Central Geradora Hidrelétrica,Operação,1900-01-03,172.0,172.0," 73 - Uruguai, Chapeco,Passo Fundo e outros"
São Domingos,SC,Quebra Queixo,UHE.PH.SC.002167-9.1,UHE,Usina Hidrelétrica,Operação,2003-12-31,120000.0,120000.0," 73 - Uruguai, Chapeco,Passo Fundo e outros"
São Domingos,SC,Santa Luzia Alto,PCH.PH.SC.029652-0.1,PCH,Pequena Central Hidrelétrica,Operação,2011-07-01,28500.0,28500.0," 73 - Uruguai, Chapeco,Passo Fundo e outros"
São Domingos,SC,São Domingos,CGH.PH.SC.037229-3.1,CGH,Central Geradora Hidrelétrica,Operação,2016-08-01,1000.0,1000.0," 73 - Uruguai, Chapeco,Passo Fundo e outros"
São Joaquim,SC,Boa Vista,PCH.PH.SC.031439-0.1,PCH,Pequena Central Hidrelétrica,Operação,2025-04-10,5600.0,5600.0, 70 - Pelotas
São Joaquim,SC,Gamba,PCH.PH.SC.037247-1.1,PCH,Pequena Central Hidrelétrica,Construção não iniciada,1900-01-03,11500.0,0.0, 70 - Pelotas
São Joaquim,SC,Invernadinha,CGH.PH.SC.030261-9.2,CGH,Central Geradora Hidrelétrica,Operação,2012-07-01,2430.0,2430.0, 70 - Pelotas
São Joaquim,SC,Ramada,CGH.PH.SC.038156-0.1,CGH,Central Geradora Hidrelétrica,Operação,2025-03-12,3696.0,3696.0, 70 - Pelotas
São Joaquim,SC,São Joaquim,PCH.PH.SC.040193-5.1,PCH,Pequena Central Hidrelétrica,Construção não iniciada,1900-01-03,6400.0,0.0, 70 - Pelotas
São Joaquim,SC,Urupema,PCH.PH.SC.040194-3.1,PCH,Pequena Central Hidrelétrica,Construção não iniciada,1900-01-03,10000.0,0.0, 70 - Pelotas
São José,SC,Maruim,CGH.PH.SC.035741-3.1,CGH,Central Geradora Hidrelétrica,Operação,2025-06-19,1000.0,1000.0," 84 - Tubarao, Capivari e outros"
São José do Cedro,SC,Lombo do Cavalo,PCH.PH.SC.037177-7.1,PCH,Pequena Central Hidrelétrica,Construção não iniciada,1900-01-03,5600.0,0.0," 74 - Uruguai, Varzea, Turvo e outros"
São José do Cedro,SC,Wasser Kraft,CGH.PH.SC.029589-2.1,CGH,Central Geradora Hidrelétrica,Operação,2009-01-01,1400.0,1400.0," 74 - Uruguai, Varzea, Turvo e outros"
São José do Cerrito,SC,Itararé,PCH.PH.SC.029320-2.1,PCH,Pequena Central Hidrelétrica,Construção não iniciada,1900-01-03,9400.0,0.0, 71 - Canoas
São José do Cerrito,SC,João Borges,PCH.PH.SC.029332-6.1,PCH,Pequena Central Hidrelétrica,Operação,2013-07-27,19000.0,19000.0, 71 - Canoas
São José do Cerrito,SC,São Roque,UHE.PH.SC.030938-9.1,UHE,Usina Hidrelétrica,Operação,2022-07-21,141900.0,141900.0, 71 - Canoas
São Ludgero,SC,Daltro Bianchini,CGH.PH.SC.029101-3.1,CGH,Central Geradora Hidrelétrica,Operação,2004-08-18,360.0,360.0," 84 - Tubarao, Capivari e outros"
São Ludgero,SC,Morro do Cruzeiro,CGH.PH.SC.029600-7.1,CGH,Central Geradora Hidrelétrica,Operação,2007-07-17,51.52,51.0," 84 - Tubarao, Capivari e outros"
São Ludgero,SC,Pinheiros II,CGH.PH.SC.028776-8.1,CGH,Central Geradora Hidrelétrica,Operação,2004-04-08,155.0,155.0," 84 - Tubarao, Capivari e outros"
São Ludgero,SC,Rio das Furnas,CGH.PH.SC.028778-4.1,CGH,Central Geradora Hidrelétrica,Operação,2009-08-05,290.0,290.0," 84 - Tubarao, Capivari e outros"
São Martinho,SC,Capivari,PCH.PH.SC.000659-9.1,PCH,Pequena Central Hidrelétrica,Operação,2017-02-23,18738.0,18090.0," 84 - Tubarao, Capivari e outros"
São Miguel da Boa Vista,SC,Jaspe,PCH.PH.SC.032571-6.1,PCH,Pequena Central Hidrelétrica,Operação,2024-10-10,5100.0,5100.0," 74 - Uruguai, Varzea, Turvo e outros"
São Pedro de Alcântara,SC,Pingo de Ouro,CGH.PH.SC.046694-8.1,CGH,Central Geradora Hidrelétrica,Operação,2019-12-02,2400.0,2400.0," 84 - Tubarao, Capivari e outros"
Taió,SC,Alto Palmital,CGH.PH.SC.030641-0.1,CGH,Central Geradora Hidrelétrica,Operação,2011-08-15,191.2,191.0, 83 - Itajai
Taió,SC,Brilhante,CGH.PH.SC.029239-7.1,CGH,Central Geradora Hidrelétrica,Operação,1988-08-08,972.0,972.0, 83 - Itajai
Taió,SC,Bruno Heidrich,CGH.PH.SC.029356-3.1,CGH,Central Geradora Hidrelétrica,Operação,1984-01-20,1085.4,1085.0, 83 - Itajai
Taió,SC,Bruno Heidrich Neto,CGH.PH.SC.028618-4.2,CGH,Central Geradora Hidrelétrica,Operação,2002-05-21,2540.0,2540.0, 83 - Itajai
Taió,SC,Buraco,CGH.PH.SC.037437-7.1,CGH,Central Geradora Hidrelétrica,Operação,1979-01-10,980.0,980.0, 83 - Itajai
Taió,SC,Curt Lindner,CGH.PH.SC.029781-0.2,CGH,Central Geradora Hidrelétrica,Operação,2009-09-03,2283.0,2283.0, 83 - Itajai
Taió,SC,Erna Heidrich,CGH.PH.SC.028681-8.1,CGH,Central Geradora Hidrelétrica,Operação,2001-12-01,700.0,700.0, 83 - Itajai
Taió,SC,Estaçao,CGH.PH.SC.029355-5.1,CGH,Central Geradora Hidrelétrica,Operação,1989-08-20,400.0,400.0, 83 - Itajai
Taió,SC,Horst Purnhagen,CGH.PH.SC.032085-4.1,CGH,Central Geradora Hidrelétrica,Operação,2014-12-12,1000.0,1000.0, 83 - Itajai
Taió,SC,Passo Manso,PCH.PH.SC.037660-4.1,PCH,Pequena Central Hidrelétrica,Construção,1900-01-03,5280.0,0.0, 83 - Itajai
Taió,SC,Rio Rauhen,CGH.PH.SC.037476-8.1,CGH,Central Geradora Hidrelétrica,Operação,2009-11-18,990.0,990.0, 83 - Itajai
Taió,SC,Rio das Pacas,CGH.PH.SC.031735-7.1,CGH,Central Geradora Hidrelétrica,Operação,2014-08-05,136.0,136.0, 83 - Itajai
Taió,SC,Rudolf,PCH.PH.SC.031208-8.1,PCH,Pequena Central Hidrelétrica,Operação,2017-08-19,9260.0,9260.0, 83 - Itajai
Tangará,SC,Dona Amélia,CGH.PH.SC.029100-5.1,CGH,Central Geradora Hidrelétrica,Operação,1947-05-13,160.0,160.0," 72 - Uruguai, Inhanduva, Peixe e outros"
Tangará,SC,Dorvalino João Guzzi,CGH.PH.SC.031731-4.1,CGH,Central Geradora Hidrelétrica,Operação,1978-09-29,56.0,56.0," 72 - Uruguai, Inhanduva, Peixe e outros"
Tangará,SC,Rio Bonito Força e Luz,CGH.PH.SC.028385-1.1,CGH,Central Geradora Hidrelétrica,Operação,1948-07-08,500.0,500.0," 72 - Uruguai, Inhanduva, Peixe e outros"
Tangará,SC,Salto Góes,PCH.PH.SC.030338-0.1,PCH,Pequena Central Hidrelétrica,Operação,2012-12-28,20000.0,20000.0," 72 - Uruguai, Inhanduva, Peixe e outros"
Tangará,SC,Santo Tessaro,CGH.PH.SC.031429-3.1,CGH,Central Geradora Hidrelétrica,Operação,2014-04-01,1000.0,1000.0," 72 - Uruguai, Inhanduva, Peixe e outros"
Tangará,SC,Sopasta I,CGH.PH.SC.028723-7.1,CGH,Central Geradora Hidrelétrica,Operação,1996-07-10,966.0,966.0," 72 - Uruguai, Inhanduva, Peixe e outros"
Timbó Grande,SC,CENTRAL III,CGH.PH.SC.038334-1.1,CGH,Central Geradora Hidrelétrica,Operação,2017-12-06,2975.0,2975.0," 65 - Parana, Iguacu"
Timbó Grande,SC,Espraiado,PCH.PH.SC.035526-7.1,PCH,Pequena Central Hidrelétrica,Construção não iniciada,1900-01-03,29000.0,0.0," 65 - Parana, Iguacu"
Timbó Grande,SC,Salto do Timbo,CGH.PH.SC.028646-0.1,CGH,Central Geradora Hidrelétrica,Operação,1968-01-01,1000.0,1000.0," 65 - Parana, Iguacu"
Treze de Maio,SC,Azambuja,CGH.PH.SC.030325-9.1,CGH,Central Geradora Hidrelétrica,Operação,2010-08-06,360.0,360.0," 84 - Tubarao, Capivari e outros"
Treze de Maio,SC,Microgeração Bardini,CGH.PH.SC.044780-3.1,CGH,Central Geradora Hidrelétrica,Operação,1984-01-10,40.48,40.0," 84 - Tubarao, Capivari e outros"
Treze de Maio,SC,Treze de Maio,CGH.PH.SC.031118-9.1,CGH,Central Geradora Hidrelétrica,Operação,2013-05-15,850.0,850.0," 84 - Tubarao, Capivari e outros"
Trombudo Central,SC,A.N.T. Central,CGH.PH.SC.066940-7.1,CGH,Central Geradora Hidrelétrica,Operação,2021-10-01,150.0,150.0, 83 - Itajai
Urubici,SC,Scardoelli,CGH.PH.SC.028861-6.1,CGH,Central Geradora Hidrelétrica,Operação,1900-01-03,830.0,830.0, 71 - Canoas
Urussanga,SC,Rio Palmeiras I,CGH.PH.SC.028195-6.2,CGH,Central Geradora Hidrelétrica,Operação,2002-01-01,1500.0,1500.0," 84 - Tubarao, Capivari e outros"
Urussanga,SC,Rio Palmeiras II,CGH.PH.SC.029377-6.2,CGH,Central Geradora Hidrelétrica,Operação,2006-03-30,1250.0,1250.0," 84 - Tubarao, Capivari e outros"
Vargem,SC,São Roque,UHE.PH.SC.030938-9.1,UHE,Usina Hidrelétrica,Operação,2022-07-21,141900.0,141900.0, 71 - Canoas
Vargeão,SC,Barreiros,PCH.PH.SC.032598-8.1,PCH,Pequena Central Hidrelétrica,Construção não iniciada,1900-01-03,22138.7,0.0," 73 - Uruguai, Chapeco,Passo Fundo e outros"
Vargeão,SC,Santa Rosa,PCH.PH.SC.034059-6.1,PCH,Pequena Central Hidrelétrica,Construção não iniciada,1900-01-03,9990.0,0.0," 73 - Uruguai, Chapeco,Passo Fundo e outros"
Videira,SC,DAS PEDRAS - VIDEIRA,CGH.PH.SC.032084-6.1,CGH,Central Geradora Hidrelétrica,Operação,2014-05-01,999.9,999.0," 72 - Uruguai, Inhanduva, Peixe e outros"
Videira,SC,Estreito,CGH.PH.SC.035075-3.1,CGH,Central Geradora Hidrelétrica,Operação,2017-11-20,2160.0,2160.0," 72 - Uruguai, Inhanduva, Peixe e outros"
Videira,SC,Rio do Peixe,CGH.PH.SC.029368-7.1,CGH,Central Geradora Hidrelétrica,Operação,1957-01-01,520.0,520.0," 72 - Uruguai, Inhanduva, Peixe e outros"
Xanxerê,SC,Alto Irani,PCH.PH.SC.028748-2.1,PCH,Pequena Central Hidrelétrica,Operação,2008-09-27,21000.0,21000.0," 73 - Uruguai, Chapeco,Passo Fundo e outros"
Xanxerê,SC,Arvoredo,PCH.PH.SC.028755-5.1,PCH,Pequena Central Hidrelétrica,Operação,2010-04-08,13000.0,13000.0," 73 - Uruguai, Chapeco,Passo Fundo e outros"
Xanxerê,SC,Barrinha Geração De Energia,CGH.PH.SC.047223-9.1,CGH,Central Geradora Hidrelétrica,Operação,2019-02-18,486.0,486.0," 73 - Uruguai, Chapeco,Passo Fundo e outros"
Xanxerê,SC,Caju,CGH.PH.SC.029217-6.2,CGH,Central Geradora Hidrelétrica,Operação,2004-12-20,3200.0,3200.0," 73 - Uruguai, Chapeco,Passo Fundo e outros"
Xanxerê,SC,Guarani,PCH.PH.SC.034038-3.1,PCH,Pequena Central Hidrelétrica,Construção não iniciada,1900-01-03,25300.0,0.0," 73 - Uruguai, Chapeco,Passo Fundo e outros"
Xanxerê,SC,Lontras,CGH.PH.SC.029303-2.1,CGH,Central Geradora Hidrelétrica,Operação,2013-07-18,810.0,810.0," 73 - Uruguai, Chapeco,Passo Fundo e outros"
Xanxerê,SC,Plano Alto,PCH.PH.SC.028754-7.1,PCH,Pequena Central Hidrelétrica,Operação,2008-02-14,16000.0,16000.0," 73 - Uruguai, Chapeco,Passo Fundo e outros"
Xanxerê,SC,Prezzotto 1,CGH.PH.SC.029254-0.1,CGH,Central Geradora Hidrelétrica,Operação,1900-01-03,300.0,300.0," 73 - Uruguai, Chapeco,Passo Fundo e outros"
Xanxerê,SC,Salto Voltão,PCH.PH.SC.003047-3.1,PCH,Pequena Central Hidrelétrica,Operação,2001-09-24,8200.0,8200.0," 73 - Uruguai, Chapeco,Passo Fundo e outros"
Xanxerê,SC,Salto do Passo Velho,PCH.PH.SC.002173-3.1,PCH,Pequena Central Hidrelétrica,Operação,2001-10-31,1800.0,1800.0," 73 - Uruguai, Chapeco,Passo Fundo e outros"
Xanxerê,SC,Xavantina,PCH.PH.SC.030263-5.1,PCH,Pequena Central Hidrelétrica,Operação,2015-09-04,6075.0,6075.0," 73 - Uruguai, Chapeco,Passo Fundo e outros"
Xavantina,SC,Barra das Águas,PCH.PH.SC.035155-5.1,PCH,Pequena Central Hidrelétrica,Operação,2020-05-29,8500.0,8500.0," 73 - Uruguai, Chapeco,Passo Fundo e outros"
Xavantina,SC,Plano Alto,PCH.PH.SC.028754-7.1,PCH,Pequena Central Hidrelétrica,Operação,2008-02-14,16000.0,16000.0," 73 - Uruguai, Chapeco,Passo Fundo e outros"
Xavantina,SC,Ursuleta,PCH.PH.SC.037544-6.1,PCH,Pequena Central Hidrelétrica,Construção não iniciada,1900-01-03,5700.0,0.0," 73 - Uruguai, Chapeco,Passo Fundo e outros"
Xavantina,SC,Xavantina,PCH.PH.SC.030263-5.1,PCH,Pequena Central Hidrelétrica,Operação,2015-09-04,6075.0,6075.0," 73 - Uruguai, Chapeco,Passo Fundo e outros"
Xaxim,SC,Barrinha Geração De Energia,CGH.PH.SC.047223-9.1,CGH,Central Geradora Hidrelétrica,Operação,2019-02-18,486.0,486.0," 73 - Uruguai, Chapeco,Passo Fundo e outros"
Xaxim,SC,CACHOEIRINHA,CGH.PH.SC.076421-3.1,CGH,Central Geradora Hidrelétrica,Operação,2022-02-01,1400.0,1400.0,
Xaxim,SC,Hacker Energia,CGH.PH.SC.029172-2.2,CGH,Central Geradora Hidrelétrica,Operação,2015-04-03,1800.0,1800.0," 73 - Uruguai, Chapeco,Passo Fundo e outros"
Xaxim,SC,JACU,CGH.PH.SC.075592-3.1,CGH,Central Geradora Hidrelétrica,Operação,2023-09-15,1500.0,1500.0,
Xaxim,SC,Lontras,CGH.PH.SC.029303-2.1,CGH,Central Geradora Hidrelétrica,Operação,2013-07-18,810.0,810.0," 73 - Uruguai, Chapeco,Passo Fundo e outros"
Zortéa,SC,Agudo,CGH.PH.SC.031040-9.2,CGH,Central Geradora Hidrelétrica,Operação,2016-03-02,3899.6,3899.0," 72 - Uruguai, Inhanduva, Peixe e outros"
Água Doce,SC,Contestado,PCH.PH.SC.029165-0.1,PCH,Pequena Central Hidrelétrica,Operação,2007-11-01,5600.0,5600.0," 73 - Uruguai, Chapeco,Passo Fundo e outros"
Água Doce,SC,Coronel Araújo,PCH.PH.SC.029163-3.1,PCH,Pequena Central Hidrelétrica,Operação,2007-11-01,5800.0,5800.0," 73 - Uruguai, Chapeco,Passo Fundo e outros"
Água Doce,SC,Das Pedras,PCH.PH.SC.030575-8.1,PCH,Pequena Central Hidrelétrica,Operação,2017-12-23,5600.0,5600.0," 73 - Uruguai, Chapeco,Passo Fundo e outros"
Água Doce,SC,Salto Santo Antônio,PCH.PH.SC.002673-5.4,PCH,Pequena Central Hidrelétrica,Operação,2019-03-21,10636.0,10636.0," 73 - Uruguai, Chapeco,Passo Fundo e outros"
Água Doce,SC,Tonet,CGH.PH.SC.029280-0.1,CGH,Central Geradora Hidrelétrica,Operação,1985-06-01,840.0,840.0," 73 - Uruguai, Chapeco,Passo Fundo e outros"
Águas Frias,SC,Coração,PCH.PH.SC.032516-3.1,PCH,Pequena Central Hidrelétrica,Operação,2019-06-05,4600.0,4600.0," 73 - Uruguai, Chapeco,Passo Fundo e outros"
Águas de Chapecó,SC,Foz do Chapecó,UHE.PH.RS.028354-1.1,UHE,Usina Hidrelétrica,Operação,2010-10-14,855000.0,855000.0," 73 - Uruguai, Chapeco,Passo Fundo e outros"
Canindé de São Francisco,SE,Xingó,UHE.PH.SE.027053-9.1,UHE,Usina Hidrelétrica,Operação,1994-12-16,3162000.0,3162000.0," 49 - Sao Francisco, a jusante do Pajeu"
Estância,SE,Santa Cruz,UHE.PH.SE.027114-4.1,UHE,Usina Hidrelétrica,Operação,1900-01-03,550.0,364.0," 50 - Itapicuru, Vaza Barris e outros"
Americana,SP,Americana,PCH.PH.SP.000089-2.1,PCH,Pequena Central Hidrelétrica,Operação,1949-01-01,30000.0,30000.0," 62 - Parana, Tiete e outros"
Amparo,SP,Santa Tereza,CGH.PH.SP.028330-4.1,CGH,Central Geradora Hidrelétrica,Operação,1900-01-03,588.0,588.0," 62 - Parana, Tiete e outros"
Andradina,SP,Três Irmãos,UHE.PH.SP.002873-8.1,UHE,Usina Hidrelétrica,Operação,1993-11-28,807500.0,807500.0," 62 - Parana, Tiete e outros"
Arapeí,SP,Capitão Mor,CGH.PH.SP.030861-7.1,CGH,Central Geradora Hidrelétrica,Operação,1961-12-05,288.0,288.0, 58 - Paraiba do Sul
Araraquara,SP,Chibarro,CGH.PH.SP.000768-4.1,CGH,Central Geradora Hidrelétrica,Operação,1912-01-01,2592.0,2592.0," 62 - Parana, Tiete e outros"
Araraquara,SP,Salto Grande,CGH.PH.SP.031230-4.1,CGH,Central Geradora Hidrelétrica,Operação,1951-12-10,684.0,684.0," 62 - Parana, Tiete e outros"
Araraquara,SP,Socorro,CGH.PH.SP.002762-6.2,CGH,Central Geradora Hidrelétrica,Operação,1909-01-20,999.0,999.0," 62 - Parana, Tiete e outros"
Araçatuba,SP,Jatobazinho,CGH.PH.SP.030903-6.2,CGH,Central Geradora Hidrelétrica,Operação,2014-05-14,121.5,121.0, 18 - Xingu e Paru
Avaré,SP,Rio Novo,CGH.PH.SP.002428-7.2,CGH,Central Geradora Hidrelétrica,Operação,1909-01-01,980.0,980.0," 64 - Parana, Paranapanema, Amambai e outros"
Bananal,SP,Bocaina I,CGH.PH.SP.031266-5.1,CGH,Central Geradora Hidrelétrica,Operação,1978-04-27,450.0,450.0, 59 - Litoraneas do Rio de Janeiro
Barra Bonita,SP,Barra Bonita,UHE.PH.SP.000208-9.1,UHE,Usina Hidrelétrica,Operação,1963-05-20,140760.0,140760.0," 62 - Parana, Tiete e outros"
Barra do Chapéu,SP,Apiaí,CGH.PH.SP.000116-3.1,CGH,Central Geradora Hidrelétrica,Operação,1951-01-01,1000.0,1000.0, 81 - Ribeira do Iguape
Batatais,SP,Central Macaúbas,CGH.PH.SP.031971-6.1,CGH,Central Geradora Hidrelétrica,Operação,1938-02-01,115.0,115.0, 61 - Grande
Bertioga,SP,Itatinga,PCH.PH.SP.001185-1.1,PCH,Pequena Central Hidrelétrica,Operação,1910-10-10,15000.0,15000.0, 80 - Litoraneas de Sao Paulo
Boituva,SP,Santa Adélia,CGH.PH.SP.028186-7.1,CGH,Central Geradora Hidrelétrica,Operação,2006-05-01,1000.0,1000.0," 62 - Parana, Tiete e outros"
Boracéia,SP,Bariri (Álvaro de Souza Lima),UHE.PH.SP.000203-8.1,UHE,Usina Hidrelétrica,Operação,1969-12-26,143100.0,143100.0," 62 - Parana, Tiete e outros"
Brotas,SP,Jacaré Pepira,CGH.PH.SP.029296-6.2,CGH,Central Geradora Hidrelétrica,Operação,2010-06-26,2000.0,2000.0," 62 - Parana, Tiete e outros"
Buritama,SP,Nova Avanhandava (Rui Barbosa),UHE.PH.SP.001552-0.1,UHE,Usina Hidrelétrica,Operação,1982-12-19,347400.0,347400.0," 62 - Parana, Tiete e outros"
Buritizal,SP,Buritis,CGH.PH.SP.000336-0.1,CGH,Central Geradora Hidrelétrica,Operação,1922-01-15,800.0,800.0, 61 - Grande
Caconde,SP,Caconde,UHE.PH.SP.000588-6.1,UHE,Usina Hidrelétrica,Operação,1966-08-22,80400.0,80400.0, 61 - Grande
Cajuru,SP,Cajuru,CGH.PH.SP.028719-9.1,CGH,Central Geradora Hidrelétrica,Operação,1924-02-01,606.4,606.0, 61 - Grande
Cajuru,SP,Jph Participaçoes,CGH.PH.SP.040535-3.1,CGH,Central Geradora Hidrelétrica,Operação,2017-11-30,800.0,800.0, 61 - Grande
Campinas,SP,Salto Grande,CGH.PH.SP.027172-1.1,CGH,Central Geradora Hidrelétrica,Operação,1912-01-01,4550.4,4550.0," 62 - Parana, Tiete e outros"
Campos do Jordão,SP,Marmelos III,CGH.PH.SP.028341-0.1,CGH,Central Geradora Hidrelétrica,Operação,1998-06-20,360.0,360.0, 61 - Grande
Castilho,SP,Jupiá (Eng° Souza Dias),UHE.PH.SP.001282-3.1,UHE,Usina Hidrelétrica,Operação,1969-04-14,1551200.0,1551200.0," 63 - Parana, Verde , Peixe, e outros"
Cerqueira César,SP,Jurumirim (Armando Avellanal Laydner),UHE.PH.SP.001285-8.1,UHE,Usina Hidrelétrica,Operação,1962-09-21,100956.0,100956.0," 64 - Parana, Paranapanema, Amambai e outros"
Cerquilho,SP,San Juan,CGH.PH.SP.002688-3.3,CGH,Central Geradora Hidrelétrica,Operação,1909-06-01,4873.6,4873.0," 62 - Parana, Tiete e outros"
Chavantes,SP,Chavantes,UHE.PH.SP.000764-1.1,UHE,Usina Hidrelétrica,Operação,1970-11-30,414000.0,414000.0," 64 - Parana, Paranapanema, Amambai e outros"
Cubatão,SP,Henry Borden,UHE.PH.SP.001084-7.1,UHE,Usina Hidrelétrica,Operação,1926-01-01,889000.0,889000.0, 80 - Litoraneas de Sao Paulo
Cássia dos Coqueiros,SP,Santa Terezinha,CGH.PH.SP.030188-4.1,CGH,Central Geradora Hidrelétrica,Operação,2008-06-01,493.0,493.0, 61 - Grande
Cândido Mota,SP,Canoas I,UHE.PH.SP.000647-5.1,UHE,Usina Hidrelétrica,Operação,1999-05-09,82500.0,82500.0," 64 - Parana, Paranapanema, Amambai e outros"
Cândido Mota,SP,Pari,CGH.PH.SP.001988-7.2,CGH,Central Geradora Hidrelétrica,Operação,1937-04-10,1344.0,1344.0," 64 - Parana, Paranapanema, Amambai e outros"
Espírito Santo do Pinhal,SP,Eloy Chaves,PCH.PH.SP.027108-0.1,PCH,Pequena Central Hidrelétrica,Operação,1954-01-01,19000.0,19000.0, 61 - Grande
Espírito Santo do Pinhal,SP,Pinhal,PCH.PH.SP.027228-0.1,PCH,Pequena Central Hidrelétrica,Operação,1928-01-25,6800.0,6800.0, 61 - Grande
Gavião Peixoto,SP,Gavião Peixoto,CGH.PH.SP.001025-1.1,CGH,Central Geradora Hidrelétrica,Operação,1913-01-01,4860.0,4860.0," 62 - Parana, Tiete e outros"
Guaratinguetá,SP,Sodre,CGH.PH.SP.031099-9.1,CGH,Central Geradora Hidrelétrica,Operação,2013-04-01,1012.0,1012.0, 58 - Paraiba do Sul
Guará,SP,Anhanguera,PCH.PH.SP.028734-2.1,PCH,Pequena Central Hidrelétrica,Operação,2010-12-03,22680.0,22680.0, 61 - Grande
Guará,SP,Palmeiras,PCH.PH.SP.028800-4.1,PCH,Pequena Central Hidrelétrica,Operação,2012-02-07,16500.0,16500.0, 61 - Grande
Guará,SP,Retiro,PCH.PH.SP.028738-5.1,PCH,Pequena Central Hidrelétrica,Operação,2014-03-01,16000.0,16000.0, 61 - Grande
Guará,SP,São Joaquim,PCH.PH.SP.026844-5.1,PCH,Pequena Central Hidrelétrica,Operação,2002-07-19,8050.0,8050.0, 61 - Grande
Guaíra,SP,Porto Colômbia,UHE.PH.MG.002117-2.1,UHE,Usina Hidrelétrica,Operação,1973-06-29,320000.0,320000.0, 61 - Grande
Iaras,SP,Ponte Branca,PCH.PH.SP.031107-3.1,PCH,Pequena Central Hidrelétrica,Operação,2022-03-24,10500.0,10500.0," 64 - Parana, Paranapanema, Amambai e outros"
Iaras,SP,São Francisco,PCH.PH.SP.031126-0.1,PCH,Pequena Central Hidrelétrica,Construção não iniciada,1900-01-03,6790.0,0.0," 64 - Parana, Paranapanema, Amambai e outros"
Ibaté,SP,Major,CGH.PH.SP.028489-0.1,CGH,Central Geradora Hidrelétrica,Operação,1985-01-01,192.0,192.0," 62 - Parana, Tiete e outros"
Ibitinga,SP,Ibitinga,UHE.PH.SP.001097-9.1,UHE,Usina Hidrelétrica,Operação,1969-04-20,131490.0,131490.0," 62 - Parana, Tiete e outros"
Ibiúna,SP,Fumaça,UHE.PH.SP.001000-6.1,UHE,Usina Hidrelétrica,Operação,1964-01-01,36400.0,36400.0, 81 - Ribeira do Iguape
Icém,SP,Marimbondo,UHE.PH.MG.001417-6.1,UHE,Usina Hidrelétrica,Operação,1975-10-25,1440000.0,1440000.0, 61 - Grande
Igarapava,SP,Igarapava,UHE.PH.SP.001098-7.1,UHE,Usina Hidrelétrica,Operação,1998-12-31,210000.0,210000.0, 61 - Grande
Ilha Solteira,SP,Ilha Solteira,UHE.PH.SP.001120-7.1,UHE,Usina Hidrelétrica,Operação,1973-07-18,3444000.0,3444000.0," 62 - Parana, Tiete e outros"
Indiaporã,SP,Água Vermelha (Antiga José Ermírio de Moraes),UHE.PH.MG.000041-8.1,UHE,Usina Hidrelétrica,Operação,1978-08-22,1396200.0,1396200.0, 61 - Grande
Itapeva,SP,Salto da Barra,CGH.PH.SP.002596-8.2,CGH,Central Geradora Hidrelétrica,Operação,1954-01-01,2092.0,2092.0," 64 - Parana, Paranapanema, Amambai e outros"
Itapeva,SP,Santa Maria,CGH.PH.SP.026721-0.2,CGH,Central Geradora Hidrelétrica,Operação,1951-01-01,3000.0,3000.0," 64 - Parana, Paranapanema, Amambai e outros"
Itapeva,SP,São José,CGH.PH.SP.027455-0.1,CGH,Central Geradora Hidrelétrica,Operação,1925-01-01,660.0,660.0," 64 - Parana, Paranapanema, Amambai e outros"
Itararé,SP,Cachoeira Poço Preto I,CGH.PH.SP.027253-1.3,CGH,Central Geradora Hidrelétrica,Operação,1964-01-01,3960.0,3960.0," 64 - Parana, Paranapanema, Amambai e outros"
Itatinga,SP,Salto do Lobo,CGH.PH.SP.028585-4.2,CGH,Central Geradora Hidrelétrica,Operação,2002-04-24,1616.0,1616.0," 64 - Parana, Paranapanema, Amambai e outros"
Itu,SP,Cabreúva,CGH.PH.SP.027096-2.1,CGH,Central Geradora Hidrelétrica,Operação,1934-03-18,1612.5,1612.0," 62 - Parana, Tiete e outros"
Jacareí,SP,Jaguari,UHE.PH.SP.027131-4.1,UHE,Usina Hidrelétrica,Operação,1973-12-11,27600.0,27600.0, 58 - Paraiba do Sul
Jacareí,SP,Santa Branca,UHE.PH.SP.002696-4.1,UHE,Usina Hidrelétrica,Operação,1999-05-21,56050.0,56050.0, 58 - Paraiba do Sul
Jumirim,SP,San Juan,CGH.PH.SP.002688-3.3,CGH,Central Geradora Hidrelétrica,Operação,1909-06-01,4873.6,4873.0," 62 - Parana, Tiete e outros"
Juquitiba,SP,França,UHE.PH.SP.000990-3.1,UHE,Usina Hidrelétrica,Operação,1958-01-01,29500.0,29500.0, 81 - Ribeira do Iguape
Juquiá,SP,Salto do Iporanga,UHE.PH.SP.002626-3.1,UHE,Usina Hidrelétrica,Operação,1989-12-31,36870.0,36870.0, 81 - Ribeira do Iguape
Juquiá,SP,Serraria,UHE.PH.SP.002740-5.1,UHE,Usina Hidrelétrica,Operação,1978-01-01,24000.0,24000.0, 81 - Ribeira do Iguape
Lavrinhas,SP,Lavrinhas,PCH.PH.SP.029114-5.1,PCH,Pequena Central Hidrelétrica,Operação,2011-09-03,30000.0,30000.0, 58 - Paraiba do Sul
Lavrinhas,SP,Queluz,PCH.PH.SP.029115-3.1,PCH,Pequena Central Hidrelétrica,Operação,2011-08-12,30000.0,30000.0, 58 - Paraiba do Sul
Limeira,SP,Ribeirão do Pinhal,CGH.PH.SP.002238-1.2,CGH,Central Geradora Hidrelétrica,Operação,2003-07-15,1200.0,1200.0," 62 - Parana, Tiete e outros"
Macatuba,SP,Lençóis,CGH.PH.SP.001322-6.1,CGH,Central Geradora Hidrelétrica,Operação,1917-01-01,1680.0,1680.0," 62 - Parana, Tiete e outros"
Martinópolis,SP,Laranja Doce,CGH.PH.SP.001310-2.1,CGH,Central Geradora Hidrelétrica,Operação,1929-01-01,720.0,720.0," 64 - Parana, Paranapanema, Amambai e outros"
Miguelópolis,SP,Volta Grande,UHE.PH.SP.003045-7.1,UHE,Usina Hidrelétrica,Operação,1974-04-22,380000.0,380000.0, 61 - Grande
Miracatu,SP,Alecrim,UHE.PH.SP.000047-7.1,UHE,Usina Hidrelétrica,Operação,1974-01-01,72000.0,72000.0, 81 - Ribeira do Iguape
Mogi Guaçu,SP,Mogi-Guaçu,PCH.PH.SP.001479-6.1,PCH,Pequena Central Hidrelétrica,Operação,1997-10-01,7200.0,7200.0, 61 - Grande
Nova Campina,SP,São José,CGH.PH.SP.027455-0.1,CGH,Central Geradora Hidrelétrica,Operação,1925-01-01,660.0,660.0," 64 - Parana, Paranapanema, Amambai e outros"
Nova Europa,SP,Itaquerê,CGH.PH.SP.029662-7.1,CGH,Central Geradora Hidrelétrica,Operação,1929-01-01,409.6,409.0," 62 - Parana, Tiete e outros"
Nuporanga,SP,Dourados,PCH.PH.SP.027065-2.1,PCH,Pequena Central Hidrelétrica,Operação,2002-07-27,10800.0,10800.0, 61 - Grande
Ourinhos,SP,Ourinhos,UHE.PH.SP.027872-6.1,UHE,Usina Hidrelétrica,Operação,2005-12-07,44000.0,44000.0," 64 - Parana, Paranapanema, Amambai e outros"
Ouroeste,SP,Água Vermelha (Antiga José Ermírio de Moraes),UHE.PH.MG.000041-8.1,UHE,Usina Hidrelétrica,Operação,1978-08-22,1396200.0,1396200.0, 61 - Grande
Palmital,SP,Canoas II,UHE.PH.SP.027092-0.1,UHE,Usina Hidrelétrica,Operação,1999-07-13,72000.0,72000.0," 64 - Parana, Paranapanema, Amambai e outros"
Paraibuna,SP,Paraibuna,UHE.PH.SP.027122-5.1,UHE,Usina Hidrelétrica,Operação,1978-04-20,87020.0,87020.0, 58 - Paraiba do Sul
Patrocínio Paulista,SP,Esmeril,PCH.PH.SP.000904-0.1,PCH,Pequena Central Hidrelétrica,Operação,1912-01-25,5040.0,5040.0, 61 - Grande
Pedregulho,SP,Estreito (Luiz Carlos Barreto de Carvalho),UHE.PH.SP.000917-2.1,UHE,Usina Hidrelétrica,Operação,1969-03-16,1050000.0,1050000.0, 61 - Grande
Pedreira,SP,Engenheiro Bernardo Figueiredo,CGH.PH.SP.000884-2.1,CGH,Central Geradora Hidrelétrica,Operação,1950-10-20,1.69,1.0," 62 - Parana, Tiete e outros"
Pedreira,SP,Jaguari,PCH.PH.SP.027109-8.1,PCH,Pequena Central Hidrelétrica,Operação,1919-01-01,11800.0,11800.0," 62 - Parana, Tiete e outros"
Pedreira,SP,Santa Tereza,CGH.PH.SP.028330-4.1,CGH,Central Geradora Hidrelétrica,Operação,1900-01-03,588.0,588.0," 62 - Parana, Tiete e outros"
Piedade,SP,Jurupará,CGH.PH.SP.001286-6.2,CGH,Central Geradora Hidrelétrica,Operação,1946-01-01,4.4,4.0, 81 - Ribeira do Iguape
Piedade,SP,Piedade,CGH.PH.SP.002056-7.1,CGH,Central Geradora Hidrelétrica,Operação,1959-02-02,416.5,416.0, 81 - Ribeira do Iguape
Pilar do Sul,SP,Batista,PCH.PH.SP.028187-5.1,PCH,Pequena Central Hidrelétrica,Operação,1912-01-01,2704.0,2704.0," 64 - Parana, Paranapanema, Amambai e outros"
Pilar do Sul,SP,Jorda Flor,PCH.PH.SP.001257-2.1,PCH,Pequena Central Hidrelétrica,Operação,1949-01-01,1550.0,1550.0," 64 - Parana, Paranapanema, Amambai e outros"
Pilar do Sul,SP,Pilar,PCH.PH.SP.028188-3.1,PCH,Pequena Central Hidrelétrica,Operação,1928-01-01,1300.0,1300.0," 64 - Parana, Paranapanema, Amambai e outros"
Pindamonhangaba,SP,HIDROGERADOR QUÂNTICO,CGH.PH.SP.035587-9.1,CGH,Central Geradora Hidrelétrica,Operação,2016-03-30,1225.0,1225.0, 58 - Paraiba do Sul
Pindamonhangaba,SP,Izabel,CGH.PH.SP.001148-7.3,CGH,Central Geradora Hidrelétrica,Operação,1915-05-01,3168.0,3168.0, 58 - Paraiba do Sul
Piracicaba,SP,Luiz Queiroz,PCH.PH.SP.001343-9.1,PCH,Pequena Central Hidrelétrica,Operação,1983-01-01,2880.0,2880.0," 62 - Parana, Tiete e outros"
Piracicaba,SP,Museu da Água,CGH.PH.SP.029757-7.1,CGH,Central Geradora Hidrelétrica,Operação,2007-08-01,386.0,386.0," 62 - Parana, Tiete e outros"
Piracicaba,SP,Piracicaba (Antiga Boyes),PCH.PH.SP.028024-0.1,PCH,Pequena Central Hidrelétrica,Operação,1938-01-01,1120.0,1120.0," 62 - Parana, Tiete e outros"
Piraju,SP,Paranapanema,UHE.PH.SP.001972-0.1,UHE,Usina Hidrelétrica,Operação,1957-01-01,31500.0,31500.0," 64 - Parana, Paranapanema, Amambai e outros"
Piraju,SP,Pirajú,UHE.PH.SP.002077-0.1,UHE,Usina Hidrelétrica,Operação,2002-09-12,70000.0,70000.0," 64 - Parana, Paranapanema, Amambai e outros"
Pirapora do Bom Jesus,SP,Pirapora,PCH.PH.SP.029721-6.1,PCH,Pequena Central Hidrelétrica,Operação,2014-12-30,25024.0,25024.0," 62 - Parana, Tiete e outros"
Pirapora do Bom Jesus,SP,Rasgão,UHE.PH.SP.002187-3.1,UHE,Usina Hidrelétrica,Operação,1925-09-06,22000.0,22000.0," 62 - Parana, Tiete e outros"
Pirassununga,SP,Emas Nova,PCH.PH.SP.027165-9.1,PCH,Pequena Central Hidrelétrica,Operação,2024-11-26,7215.0,7215.0, 61 - Grande
Queluz,SP,Queluz,PCH.PH.SP.029115-3.1,PCH,Pequena Central Hidrelétrica,Operação,2011-08-12,30000.0,30000.0, 58 - Paraiba do Sul
Rancharia,SP,Quatiara,CGH.PH.SP.002164-4.2,CGH,Central Geradora Hidrelétrica,Operação,1939-01-01,2600.0,2600.0," 63 - Parana, Verde , Peixe, e outros"
Ribeira,SP,Catas Altas,CGH.PH.SP.027435-6.2,CGH,Central Geradora Hidrelétrica,Operação,2016-10-05,4000.0,4000.0, 81 - Ribeira do Iguape
Ribeirão Branco,SP,Corredeira do Capote,CGH.PH.SP.027119-5.2,CGH,Central Geradora Hidrelétrica,Operação,1960-01-01,1723.0,1723.0," 64 - Parana, Paranapanema, Amambai e outros"
Rifaina,SP,Jaguara,UHE.PH.SP.001225-4.1,UHE,Usina Hidrelétrica,Operação,1971-01-01,424000.0,424000.0, 61 - Grande
Rio Claro,SP,Corumbataí,CGH.PH.SP.000868-0.1,CGH,Central Geradora Hidrelétrica,Operação,2008-08-07,1700.0,1700.0," 62 - Parana, Tiete e outros"
Rosana,SP,Porto Primavera (Eng° Sérgio Motta),UHE.PH.SP.002127-0.1,UHE,Usina Hidrelétrica,Operação,1999-01-22,1540000.0,1540000.0," 63 - Parana, Verde , Peixe, e outros"
Rosana,SP,Rosana,UHE.PH.SP.002555-0.1,UHE,Usina Hidrelétrica,Operação,1987-05-20,354000.0,354000.0," 64 - Parana, Paranapanema, Amambai e outros"
Salesópolis,SP,Salesópolis,CGH.PH.SP.002570-4.2,CGH,Central Geradora Hidrelétrica,Operação,2008-12-09,1000.0,1000.0," 62 - Parana, Tiete e outros"
Salto,SP,Porto Góes,UHE.PH.SP.002123-7.1,UHE,Usina Hidrelétrica,Operação,1928-11-04,24800.0,24800.0," 62 - Parana, Tiete e outros"
Salto Grande,SP,Salto Grande (Lucas Nogueira Garcez),UHE.PH.SP.002648-4.1,UHE,Usina Hidrelétrica,Operação,1958-05-31,73800.0,73800.0," 64 - Parana, Paranapanema, Amambai e outros"
Sandovalina,SP,Taquaruçu (Escola Politécnica),UHE.PH.SP.002821-5.1,UHE,Usina Hidrelétrica,Operação,1992-11-12,525000.0,525000.0," 64 - Parana, Paranapanema, Amambai e outros"
Santa Branca,SP,Santa Branca,UHE.PH.SP.002696-4.1,UHE,Usina Hidrelétrica,Operação,1999-05-21,56050.0,56050.0, 58 - Paraiba do Sul
Santa Rita do Passa Quatro,SP,São Valentim,CGH.PH.SP.002707-3.2,CGH,Central Geradora Hidrelétrica,Operação,2009-12-05,1450.0,1450.0, 61 - Grande
Santa Rosa de Viterbo,SP,Itaipava,PCH.PH.SP.027984-6.1,PCH,Pequena Central Hidrelétrica,Operação,1914-01-01,3880.0,3880.0, 61 - Grande
Santana de Parnaíba,SP,Edgard de Souza,PCH.PH.SP.029204-4.2,PCH,Pequena Central Hidrelétrica,Construção não iniciada,1900-01-03,18000.0,0.0," 62 - Parana, Tiete e outros"
Santana de Parnaíba,SP,Pirapora,PCH.PH.SP.029721-6.1,PCH,Pequena Central Hidrelétrica,Operação,2014-12-30,25024.0,25024.0," 62 - Parana, Tiete e outros"
Socorro,SP,Peixe,CGH.PH.SP.030243-0.1,CGH,Central Geradora Hidrelétrica,Operação,2011-03-05,1000.0,1000.0, 61 - Grande
São Carlos,SP,Capão Preto,CGH.PH.SP.027107-1.2,CGH,Central Geradora Hidrelétrica,Operação,2008-05-31,4293.0,4293.0, 61 - Grande
São Carlos,SP,Major,CGH.PH.SP.028489-0.1,CGH,Central Geradora Hidrelétrica,Operação,1985-01-01,192.0,192.0," 62 - Parana, Tiete e outros"
São Carlos,SP,Monjolinho,CGH.PH.SP.001486-9.2,CGH,Central Geradora Hidrelétrica,Operação,1909-01-25,600.0,600.0," 62 - Parana, Tiete e outros"
São Carlos,SP,Santana,CGH.PH.SP.027415-1.2,CGH,Central Geradora Hidrelétrica,Operação,1951-01-01,4320.0,4320.0," 62 - Parana, Tiete e outros"
São Joaquim da Barra,SP,Anhanguera,PCH.PH.SP.028734-2.1,PCH,Pequena Central Hidrelétrica,Operação,2010-12-03,22680.0,22680.0, 61 - Grande
São Joaquim da Barra,SP,Palmeiras,PCH.PH.SP.028800-4.1,PCH,Pequena Central Hidrelétrica,Operação,2012-02-07,16500.0,16500.0, 61 - Grande
São Joaquim da Barra,SP,Retiro,PCH.PH.SP.028738-5.1,PCH,Pequena Central Hidrelétrica,Operação,2014-03-01,16000.0,16000.0, 61 - Grande
São José do Rio Pardo,SP,Euclides da Cunha,UHE.PH.SP.000923-7.1,UHE,Usina Hidrelétrica,Operação,1960-12-07,108800.0,108800.0, 61 - Grande
São José do Rio Pardo,SP,João Baptista de Lima Figueiredo,PCH.PH.SP.028700-8.1,PCH,Pequena Central Hidrelétrica,Operação,1952-02-09,3500.0,3500.0, 61 - Grande
São José do Rio Pardo,SP,Limoeiro (Armando Salles de Oliveira),UHE.PH.SP.001328-5.1,UHE,Usina Hidrelétrica,Operação,1958-12-17,32000.0,32000.0, 61 - Grande
São José do Rio Pardo,SP,Rio do Peixe (Casa de Força I e II),UHE.PH.SP.002353-1.1,UHE,Usina Hidrelétrica,Operação,1925-01-01,18060.0,18060.0, 61 - Grande
São José dos Campos,SP,Jaguari,UHE.PH.SP.027131-4.1,UHE,Usina Hidrelétrica,Operação,1973-12-11,27600.0,27600.0, 58 - Paraiba do Sul
São João da Boa Vista,SP,São Joaquim,PCH.PH.SP.028826-8.1,PCH,Pequena Central Hidrelétrica,Operação,2011-07-21,3000.0,3000.0, 61 - Grande
São João da Boa Vista,SP,São José,PCH.PH.SP.028823-3.1,PCH,Pequena Central Hidrelétrica,Operação,2012-03-17,4000.0,4000.0, 61 - Grande
São Miguel Arcanjo,SP,Lavrinha,CGH.PH.SP.001317-0.1,CGH,Central Geradora Hidrelétrica,Operação,1941-12-31,332.5,332.0," 64 - Parana, Paranapanema, Amambai e outros"
São Miguel Arcanjo,SP,São José,CGH.PH.SP.026849-6.1,CGH,Central Geradora Hidrelétrica,Operação,1934-12-31,788.4,788.0," 64 - Parana, Paranapanema, Amambai e outros"
São Miguel Arcanjo,SP,Turvinho,CGH.PH.SP.002896-7.1,CGH,Central Geradora Hidrelétrica,Operação,1912-12-31,800.0,800.0," 64 - Parana, Paranapanema, Amambai e outros"
São Paulo,SP,Santa Helena,CGH.PH.SP.026710-4.3,CGH,Central Geradora Hidrelétrica,Operação,1936-01-01,2240.0,2240.0," 62 - Parana, Tiete e outros"
São Paulo,SP,Votorantim,CGH.PH.SP.003048-1.3,CGH,Central Geradora Hidrelétrica,Operação,1912-01-01,3000.0,3000.0," 62 - Parana, Tiete e outros"
Taciba,SP,Capivara (Escola de Engenharia Mackenzie),UHE.PH.SP.000657-2.1,UHE,Usina Hidrelétrica,Operação,1977-03-10,643000.0,643000.0," 64 - Parana, Paranapanema, Amambai e outros"
Tapiratiba,SP,João Baptista de Lima Figueiredo,PCH.PH.SP.028700-8.1,PCH,Pequena Central Hidrelétrica,Operação,1952-02-09,3500.0,3500.0, 61 - Grande
Tapiraí,SP,Barra,UHE.PH.SP.000207-0.1,UHE,Usina Hidrelétrica,Operação,1986-01-01,40400.0,40400.0, 81 - Ribeira do Iguape
Tapiraí,SP,Porto Raso,UHE.PH.SP.002128-8.1,UHE,Usina Hidrelétrica,Operação,1982-01-01,28400.0,28400.0, 81 - Ribeira do Iguape
Tatuí,SP,Santa Adélia,CGH.PH.SP.028186-7.1,CGH,Central Geradora Hidrelétrica,Operação,2006-05-01,1000.0,1000.0," 62 - Parana, Tiete e outros"
Terra Roxa,SP,Palmeiras,CGH.PH.SP.029983-9.1,CGH,Central Geradora Hidrelétrica,Operação,1931-03-26,230.0,230.0, 61 - Grande
Torrinha,SP,Três Saltos,CGH.PH.SP.002877-0.1,CGH,Central Geradora Hidrelétrica,Operação,1928-01-01,640.0,640.0," 62 - Parana, Tiete e outros"
Ubarana,SP,Promissão (Mário Lopes Leão),UHE.PH.SP.002158-0.1,UHE,Usina Hidrelétrica,Operação,1975-07-28,264000.0,264000.0," 62 - Parana, Tiete e outros"
Votorantim,SP,Itupararanga,UHE.PH.SP.001196-7.1,UHE,Usina Hidrelétrica,Operação,1914-01-01,55000.0,55000.0," 62 - Parana, Tiete e outros"
Águas de Santa Bárbara,SP,Ponte Branca,PCH.PH.SP.031107-3.1,PCH,Pequena Central Hidrelétrica,Operação,2022-03-24,10500.0,10500.0," 64 - Parana, Paranapanema, Amambai e outros"
Aguiarnópolis,TO,Estreito,UHE.PH.MA.028863-2.1,UHE,Usina Hidrelétrica,Operação,2011-04-29,1087000.0,1087000.0," 23 - Tocantins, entre os rios do Sono e Araguaia"
Araguaína,TO,Corujão,CGH.PH.TO.027567-0.1,CGH,Central Geradora Hidrelétrica,Operação,1948-01-01,680.0,680.0, 28 - Baixo Araguaia
Dianópolis,TO,Agro Trafo,PCH.PH.TO.000031-0.1,PCH,Pequena Central Hidrelétrica,Operação,1992-01-01,14040.0,14040.0," 21 - Tocantins, entre os rios Preto e Parana"
Dianópolis,TO,Areia,PCH.PH.TO.028446-7.1,PCH,Pequena Central Hidrelétrica,Operação,2011-02-25,11400.0,11400.0," 21 - Tocantins, entre os rios Preto e Parana"
Dianópolis,TO,Boa Sorte,PCH.PH.TO.029060-2.1,PCH,Pequena Central Hidrelétrica,Operação,2008-11-12,16000.0,16000.0," 21 - Tocantins, entre os rios Preto e Parana"
Dianópolis,TO,Diacal II,PCH.PH.TO.027411-9.1,PCH,Pequena Central Hidrelétrica,Operação,1999-04-01,5040.0,5040.0," 21 - Tocantins, entre os rios Preto e Parana"
Dianópolis,TO,Dianópolis,PCH.PH.TO.027227-2.1,PCH,Pequena Central Hidrelétrica,Operação,1994-01-01,5500.0,5500.0," 22 - Tocantins, entre os rios Parana e do Sono"
Dianópolis,TO,Doido,PCH.PH.TO.031244-4.1,PCH,Pequena Central Hidrelétrica,Operação,2015-10-10,6000.0,6000.0," 21 - Tocantins, entre os rios Preto e Parana"
Dianópolis,TO,Lagoa Grande,PCH.PH.TO.029057-2.1,PCH,Pequena Central Hidrelétrica,Operação,2008-09-25,25600.0,25600.0," 21 - Tocantins, entre os rios Preto e Parana"
Dianópolis,TO,Manuel Alves,PCH.PH.TO.034495-8.1,PCH,Pequena Central Hidrelétrica,Operação,2021-11-13,8000.0,8000.0," 22 - Tocantins, entre os rios Parana e do Sono"
Dianópolis,TO,Piarucum,PCH.PH.TO.032551-1.1,PCH,Pequena Central Hidrelétrica,Operação,2020-10-30,10000.0,10000.0," 21 - Tocantins, entre os rios Preto e Parana"
Dianópolis,TO,Porto Franco,PCH.PH.TO.029059-9.1,PCH,Pequena Central Hidrelétrica,Operação,2009-11-14,30000.0,30000.0," 21 - Tocantins, entre os rios Preto e Parana"
Dianópolis,TO,Riacho Preto,PCH.PH.TO.029058-0.1,PCH,Pequena Central Hidrelétrica,Operação,2008-09-04,9300.0,9300.0," 21 - Tocantins, entre os rios Preto e Parana"
Dianópolis,TO,Água Limpa,PCH.PH.TO.028447-5.1,PCH,Pequena Central Hidrelétrica,Operação,2010-12-21,14000.0,14000.0," 21 - Tocantins, entre os rios Preto e Parana"
Lajeado,TO,Lageado,CGH.PH.TO.027013-0.1,CGH,Central Geradora Hidrelétrica,Operação,1969-05-08,1776.0,1776.0," 22 - Tocantins, entre os rios Parana e do Sono"
Mateiros,TO,Fazenda Jedai,CGH.PH.TO.029238-9.1,CGH,Central Geradora Hidrelétrica,Operação,2003-09-01,100.0,100.0," 22 - Tocantins, entre os rios Parana e do Sono"
Mateiros,TO,Mateiros,CGH.PH.TO.030077-2.1,CGH,Central Geradora Hidrelétrica,Operação,2011-01-01,900.0,900.0," 22 - Tocantins, entre os rios Parana e do Sono"
Miracema do Tocantins,TO,Luís Eduardo Magalhães (Lajeado),UHE.PH.TO.001304-8.1,UHE,Usina Hidrelétrica,Operação,2001-12-01,902500.0,902500.0," 22 - Tocantins, entre os rios Parana e do Sono"
Monte do Carmo,TO,Isamu Ikeda,PCH.PH.TO.001149-5.1,PCH,Pequena Central Hidrelétrica,Operação,1982-11-04,29064.0,29064.0," 22 - Tocantins, entre os rios Parana e do Sono"
Natividade,TO,Bagagem,CGH.PH.TO.000184-8.1,CGH,Central Geradora Hidrelétrica,Operação,1950-01-01,480.0,480.0," 22 - Tocantins, entre os rios Parana e do Sono"
Novo Jardim,TO,Areia,PCH.PH.TO.028446-7.1,PCH,Pequena Central Hidrelétrica,Operação,2011-02-25,11400.0,11400.0," 21 - Tocantins, entre os rios Preto e Parana"
Novo Jardim,TO,Boa Sorte,PCH.PH.TO.029060-2.1,PCH,Pequena Central Hidrelétrica,Operação,2008-11-12,16000.0,16000.0," 21 - Tocantins, entre os rios Preto e Parana"
Novo Jardim,TO,Doido,PCH.PH.TO.031244-4.1,PCH,Pequena Central Hidrelétrica,Operação,2015-10-10,6000.0,6000.0," 21 - Tocantins, entre os rios Preto e Parana"
Novo Jardim,TO,Lagoa Grande,PCH.PH.TO.029057-2.1,PCH,Pequena Central Hidrelétrica,Operação,2008-09-25,25600.0,25600.0," 21 - Tocantins, entre os rios Preto e Parana"
Novo Jardim,TO,Piarucum,PCH.PH.TO.032551-1.1,PCH,Pequena Central Hidrelétrica,Operação,2020-10-30,10000.0,10000.0," 21 - Tocantins, entre os rios Preto e Parana"
Novo Jardim,TO,Porto Franco,PCH.PH.TO.029059-9.1,PCH,Pequena Central Hidrelétrica,Operação,2009-11-14,30000.0,30000.0," 21 - Tocantins, entre os rios Preto e Parana"
Novo Jardim,TO,Riacho Preto,PCH.PH.TO.029058-0.1,PCH,Pequena Central Hidrelétrica,Operação,2008-09-04,9300.0,9300.0," 21 - Tocantins, entre os rios Preto e Parana"
Novo Jardim,TO,Água Limpa,PCH.PH.TO.028447-5.1,PCH,Pequena Central Hidrelétrica,Operação,2010-12-21,14000.0,14000.0," 21 - Tocantins, entre os rios Preto e Parana"
Palmas,TO,Luís Eduardo Magalhães (Lajeado),UHE.PH.TO.001304-8.1,UHE,Usina Hidrelétrica,Operação,2001-12-01,902500.0,902500.0," 22 - Tocantins, entre os rios Parana e do Sono"
Paranã,TO,São Salvador,UHE.PH.TO.028567-6.1,UHE,Usina Hidrelétrica,Operação,2009-08-06,243200.0,243200.0," 21 - Tocantins, entre os rios Preto e Parana"
Peixe,TO,Peixe Angical,UHE.PH.TO.028353-3.1,UHE,Usina Hidrelétrica,Operação,2006-06-27,498750.0,498750.0," 22 - Tocantins, entre os rios Parana e do Sono"
Ponte Alta do Bom Jesus,TO,Buritirana,CGH.PH.TO.029804-2.1,CGH,Central Geradora Hidrelétrica,Operação,2008-01-01,1120.0,1120.0," 21 - Tocantins, entre os rios Preto e Parana"
Ponte Alta do Bom Jesus,TO,Cachoeira,PCH.PH.TO.035384-1.1,PCH,Pequena Central Hidrelétrica,Construção não iniciada,1900-01-03,5500.0,0.0," 21 - Tocantins, entre os rios Preto e Parana"
Ponte Alta do Bom Jesus,TO,Lagoa Grande,PCH.PH.TO.029057-2.1,PCH,Pequena Central Hidrelétrica,Operação,2008-09-25,25600.0,25600.0," 21 - Tocantins, entre os rios Preto e Parana"
Ponte Alta do Bom Jesus,TO,PIABANHA DO TOCANTINS,CGH.PH.TO.031902-3.1,CGH,Central Geradora Hidrelétrica,Operação,2014-10-14,1300.0,1300.0," 21 - Tocantins, entre os rios Preto e Parana"
Ponte Alta do Bom Jesus,TO,Palmeiras,CGH.PH.TO.035747-2.1,CGH,Central Geradora Hidrelétrica,Operação,2018-05-18,2750.0,2750.0," 21 - Tocantins, entre os rios Preto e Parana"
Ponte Alta do Bom Jesus,TO,Piarucum,PCH.PH.TO.032551-1.1,PCH,Pequena Central Hidrelétrica,Operação,2020-10-30,10000.0,10000.0," 21 - Tocantins, entre os rios Preto e Parana"
Ponte Alta do Bom Jesus,TO,Ponte Alta,CGH.PH.TO.027569-7.1,CGH,Central Geradora Hidrelétrica,Operação,1948-01-01,280.0,280.0," 21 - Tocantins, entre os rios Preto e Parana"
Ponte Alta do Bom Jesus,TO,Sirivera,CGH.PH.TO.035446-5.1,CGH,Central Geradora Hidrelétrica,Operação,2016-01-19,1800.0,1800.0," 21 - Tocantins, entre os rios Preto e Parana"
Ponte Alta do Bom Jesus,TO,Sucuri,CGH.PH.TO.035733-2.1,CGH,Central Geradora Hidrelétrica,Operação,2018-04-11,2750.0,2750.0," 21 - Tocantins, entre os rios Preto e Parana"
Ponte Alta do Bom Jesus,TO,TAPUIAS,CGH.PH.TO.035426-0.1,CGH,Central Geradora Hidrelétrica,Operação,2016-01-19,1800.0,1800.0," 21 - Tocantins, entre os rios Preto e Parana"
Ponte Alta do Tocantins,TO,Isamu Ikeda,PCH.PH.TO.001149-5.1,PCH,Pequena Central Hidrelétrica,Operação,1982-11-04,29064.0,29064.0," 22 - Tocantins, entre os rios Parana e do Sono"
Rio da Conceição,TO,Rio da Conceição,CGH.PH.TO.053909-0.1,CGH,Central Geradora Hidrelétrica,Operação,2026-05-12,4400.0,4400.0," 22 - Tocantins, entre os rios Parana e do Sono"
São Salvador do Tocantins,TO,Peixe Angical,UHE.PH.TO.028353-3.1,UHE,Usina Hidrelétrica,Operação,2006-06-27,498750.0,498750.0," 22 - Tocantins, entre os rios Parana e do Sono"
São Salvador do Tocantins,TO,São Salvador,UHE.PH.TO.028567-6.1,UHE,Usina Hidrelétrica,Operação,2009-08-06,243200.0,243200.0," 21 - Tocantins, entre os rios Preto e Parana"
Taguatinga,TO,Sobrado,PCH.PH.TO.002756-1.1,PCH,Pequena Central Hidrelétrica,Operação,1994-01-01,4820.0,4820.0," 21 - Tocantins, entre os rios Preto e Parana"
Taguatinga,TO,Taguatinga,CGH.PH.TO.002796-0.1,CGH,Central Geradora Hidrelétrica,Operação,1983-01-01,1751.0,1751.0," 21 - Tocantins, entre os rios Preto e Parana"
Wanderlândia,TO,Lajes,CGH.PH.TO.001305-6.1,CGH,Central Geradora Hidrelétrica,Operação,1970-06-01,1932.0,1932.0, 28 - Baixo Araguaia
